RollNumber,Name,Age,GPA,Major
23020001,Hassan Khan,19,2.1,ECON MATH
23020002,Ahmed Ahmed,20,2.88,ECON
23020003,Ahmed Hussain,23,2.28,ECON
23020004,Fatima Malik,23,3.77,ECON MATH
23020005,Fatima Malik,23,3.22,POL SCI
23020006,Ahmed Javed,22,3.64,ECON MATH
23020007,Ali Chaudhry,22,2.34,ECON
23020008,Hassan Khan,23,3.06,ECON
23020009,Sara Bhatti,19,2.25,ECON MATH
23020010,Ayesha Hussain,22,3.0,POL SCI
23020011,Hassan Khan,24,2.85,POL SCI
23020012,Ali Malik,20,3.26,ECON
23020013,Noor Javed,23,3.94,POL SCI
23020014,Ayesha Sheikh,21,2.57,POL SCI
23020015,Ahmed Khan,18,3.37,ECON
23020016,Ayesha Qureshi,22,3.63,POL SCI
23020017,Noor Javed,22,2.27,POL SCI
23020018,Hassan Qureshi,19,3.93,ECON
23020019,Noor Khan,23,2.9,ECON MATH
23020020,Sara Khan,22,2.11,POL SCI
23020021,Noor Ahmed,21,3.15,POL SCI
23020022,Fatima Bhatti,20,2.82,ECON
23020023,Sara Sheikh,24,3.56,ECON
23020024,Zainab Khan,18,2.03,POL SCI
23020025,Sara Malik,23,2.87,ECON
23020026,Zainab Malik,18,2.2,ECON
23020027,Hina Bhatti,23,2.51,POL SCI
23020028,Ayesha Qureshi,18,2.1,POL SCI
23020029,Ali Chaudhry,24,3.28,POL SCI
23020030,Usman Hussain,19,3.81,POL SCI
23020031,Fatima Butt,23,3.83,ECON
23020032,Usman Hussain,23,3.26,ECON MATH
23020033,Sara Bhatti,23,2.54,ECON
23020034,Usman Khan,22,3.22,ECON MATH
23020035,Fatima Bhatti,20,2.57,ECON MATH
23020036,Hina Sheikh,22,2.97,POL SCI
23020037,Ahmed Ahmed,22,2.6,ECON
23020038,Ali Bhatti,18,3.57,POL SCI
23020039,Ahmed Hussain,18,3.98,ECON
23020040,Sara Sheikh,23,2.27,ECON MATH
23020041,Sara Hussain,20,2.37,ECON MATH
23020042,Hina Hussain,24,2.92,POL SCI
23020043,Usman Malik,24,3.24,POL SCI
23020044,Sara Butt,23,2.56,POL SCI
23020045,Ayesha Khan,22,3.1,ECON
23020046,Ayesha Javed,18,3.17,ECON MATH
23020047,Sara Khan,18,2.4,ECON MATH
23020048,Fatima Qureshi,19,3.91,POL SCI
23020049,Ali Ahmed,20,3.98,ECON
23020050,Usman Javed,24,3.23,POL SCI
23020051,Fatima Bhatti,20,3.25,ECON MATH
23020052,Zainab Qureshi,22,3.46,POL SCI
23020053,Fatima Qureshi,18,2.88,ECON
23020054,Ahmed Ahmed,19,3.3,ECON
23020055,Ayesha Sheikh,20,3.46,POL SCI
23020056,Fatima Khan,20,2.64,ECON
23020057,Hassan Ahmed,23,3.85,ECON
23020058,Fatima Khan,20,3.9,ECON
23020059,Ali Sheikh,21,3.08,ECON
23020060,Ahmed Sheikh,19,2.22,POL SCI
23020061,Ayesha Qureshi,20,2.55,ECON
23020062,Usman Butt,20,2.73,POL SCI
23020063,Usman Ahmed,21,2.97,POL SCI
23020064,Sara Bhatti,23,3.79,ECON
23020065,Noor Hussain,19,3.22,ECON MATH
23020066,Ayesha Butt,18,2.33,POL SCI
23020067,Zainab Sheikh,19,3.48,ECON MATH
23020068,Fatima Javed,22,2.81,ECON
23020069,Usman Sheikh,22,3.62,POL SCI
23020070,Usman Malik,19,3.66,ECON
23020071,Zainab Bhatti,24,2.85,ECON MATH
23020072,Zainab Malik,19,3.82,ECON MATH
23020073,Ayesha Ahmed,23,3.22,ECON
23020074,Zainab Chaudhry,21,3.88,ECON
23020075,Usman Chaudhry,24,2.94,ECON MATH
23020076,Fatima Khan,18,3.22,ECON
23020077,Ali Chaudhry,23,3.99,ECON
23020078,Ayesha Ahmed,19,3.85,POL SCI
23020079,Sara Javed,22,2.23,ECON MATH
23020080,Hassan Hussain,23,3.41,ECON MATH
23020081,Hina Hussain,18,3.57,ECON
23020082,Ali Ahmed,20,3.75,ECON MATH
23020083,Ahmed Bhatti,21,3.57,ECON
23020084,Fatima Malik,21,3.78,ECON
23020085,Hina Chaudhry,18,3.07,ECON MATH
23020086,Ahmed Hussain,20,2.95,ECON MATH
23020087,Zainab Sheikh,22,2.92,ECON MATH
23020088,Sara Ahmed,20,3.42,ECON
23020089,Usman Hussain,19,2.69,ECON MATH
23020090,Noor Qureshi,19,3.18,ECON MATH
23020091,Hassan Javed,21,3.96,ECON
23020092,Ayesha Javed,22,3.61,POL SCI
23020093,Fatima Qureshi,24,2.17,ECON MATH
23020094,Ayesha Chaudhry,21,2.08,POL SCI
23020095,Noor Qureshi,20,3.49,ECON MATH
23020096,Zainab Hussain,24,3.46,ECON MATH
23020097,Noor Sheikh,23,3.81,ECON MATH
23020098,Ahmed Bhatti,23,3.51,POL SCI
23020099,Noor Butt,20,3.61,POL SCI
23020100,Sara Khan,21,3.28,ECON MATH
23020101,Sara Javed,19,2.3,ECON MATH
23020102,Zainab Javed,19,3.73,POL SCI
23020103,Zainab Javed,23,3.95,ECON MATH
23020104,Hassan Butt,23,3.93,POL SCI
23020105,Usman Chaudhry,22,2.6,ECON
23020106,Zainab Chaudhry,19,3.15,ECON MATH
23020107,Sara Chaudhry,21,2.7,ECON MATH
23020108,Fatima Bhatti,20,3.94,POL SCI
23020109,Ayesha Hussain,18,2.86,ECON
23020110,Hassan Hussain,19,2.28,ECON
23020111,Ahmed Javed,23,2.16,POL SCI
23020112,Hassan Sheikh,19,2.97,ECON MATH
23020113,Ali Khan,22,3.85,ECON
23020114,Hina Hussain,21,3.88,ECON MATH
23020115,Noor Qureshi,23,2.32,ECON
23020116,Sara Qureshi,22,3.29,POL SCI
23020117,Ayesha Qureshi,23,2.26,ECON MATH
23020118,Noor Javed,21,2.83,ECON
23020119,Usman Qureshi,24,2.24,ECON
23020120,Zainab Hussain,19,2.57,POL SCI
23020121,Hassan Sheikh,24,2.93,ECON
23020122,Ahmed Qureshi,23,3.16,ECON MATH
23020123,Ahmed Hussain,23,2.95,ECON
23020124,Ali Chaudhry,23,3.43,POL SCI
23020125,Usman Qureshi,24,3.6,POL SCI
23020126,Ayesha Khan,21,2.89,ECON
23020127,Hassan Bhatti,21,3.82,ECON MATH
23020128,Sara Hussain,23,2.63,ECON
23020129,Hassan Hussain,23,2.46,ECON
23020130,Ayesha Hussain,19,3.94,ECON MATH
23020131,Hassan Ahmed,22,2.78,ECON MATH
23020132,Hina Butt,23,2.26,ECON MATH
23020133,Hassan Javed,24,2.67,ECON MATH
23020134,Hassan Chaudhry,23,2.9,ECON
23020135,Hassan Malik,21,2.61,ECON MATH
23020136,Fatima Chaudhry,19,2.89,POL SCI
23020137,Hina Javed,21,2.31,ECON
23020138,Fatima Ahmed,20,2.79,ECON
23020139,Usman Qureshi,23,3.34,ECON
23020140,Usman Malik,24,3.11,POL SCI
23020141,Ali Bhatti,19,3.96,ECON MATH
23020142,Noor Hussain,19,2.38,POL SCI
23020143,Fatima Bhatti,18,3.6,POL SCI
23020144,Hassan Qureshi,21,3.76,POL SCI
23020145,Ayesha Qureshi,24,3.47,POL SCI
23020146,Sara Javed,22,2.87,POL SCI
23020147,Fatima Butt,24,2.44,ECON
23020148,Fatima Malik,18,3.14,ECON MATH
23020149,Sara Sheikh,24,3.93,ECON
23020150,Sara Butt,24,2.52,ECON MATH
23020151,Hina Malik,23,3.91,ECON MATH
23020152,Usman Malik,22,3.51,ECON
23020153,Ahmed Butt,18,2.53,POL SCI
23020154,Hassan Qureshi,22,2.09,ECON
23020155,Sara Khan,23,2.77,POL SCI
23020156,Fatima Javed,21,2.07,ECON MATH
23020157,Zainab Sheikh,20,2.29,ECON MATH
23020158,Hina Qureshi,19,3.01,POL SCI
23020159,Zainab Malik,21,3.47,ECON
23020160,Hina Bhatti,24,2.03,ECON
23020161,Fatima Hussain,20,2.93,ECON MATH
23020162,Sara Ahmed,22,2.96,POL SCI
23020163,Sara Chaudhry,20,2.55,POL SCI
23020164,Noor Ahmed,24,2.38,ECON
23020165,Hassan Khan,21,2.7,ECON MATH
23020166,Fatima Chaudhry,19,2.47,ECON MATH
23020167,Sara Chaudhry,21,2.42,POL SCI
23020168,Zainab Malik,20,2.77,ECON
23020169,Noor Malik,22,3.58,POL SCI
23020170,Zainab Khan,20,2.18,ECON MATH
23020171,Usman Sheikh,19,3.51,ECON MATH
23020172,Hina Chaudhry,21,3.29,POL SCI
23020173,Sara Sheikh,19,2.62,ECON MATH
23020174,Zainab Ahmed,20,3.86,ECON
23020175,Noor Sheikh,19,3.21,ECON
23020176,Noor Chaudhry,20,2.06,ECON
23020177,Usman Butt,19,2.62,ECON MATH
23020178,Usman Malik,19,2.39,ECON MATH
23020179,Noor Khan,24,2.11,ECON
23020180,Ayesha Bhatti,21,3.03,POL SCI
23020181,Ali Ahmed,22,3.33,POL SCI
23020182,Fatima Hussain,21,2.64,ECON
23020183,Hassan Javed,19,2.22,ECON
23020184,Ali Malik,18,3.43,ECON MATH
23020185,Zainab Javed,19,3.99,ECON
23020186,Noor Sheikh,18,3.92,POL SCI
23020187,Zainab Chaudhry,23,3.26,ECON
23020188,Hina Javed,22,2.19,ECON MATH
23020189,Ali Malik,22,2.22,ECON MATH
23020190,Ali Khan,20,2.35,POL SCI
23020191,Usman Javed,24,3.32,ECON
23020192,Hassan Malik,21,2.47,POL SCI
23020193,Ayesha Javed,24,2.71,ECON
23020194,Hassan Bhatti,23,2.78,POL SCI
23020195,Noor Qureshi,23,3.46,ECON MATH
23020196,Hassan Ahmed,22,3.73,POL SCI
23020197,Noor Ahmed,20,3.62,ECON
23020198,Fatima Ahmed,18,3.18,ECON MATH
23020199,Zainab Qureshi,19,2.96,ECON
23020200,Sara Khan,22,2.37,ECON
23020201,Zainab Chaudhry,18,2.92,ECON
23020202,Ali Khan,24,3.77,POL SCI
23020203,Hina Ahmed,22,3.1,ECON
23020204,Ahmed Ahmed,18,3.43,ECON MATH
23020205,Sara Khan,21,3.6,ECON
23020206,Usman Butt,23,2.14,ECON MATH
23020207,Noor Malik,20,3.66,ECON MATH
23020208,Ayesha Ahmed,21,2.09,ECON
23020209,Noor Butt,19,2.55,POL SCI
23020210,Hassan Bhatti,22,2.99,POL SCI
23020211,Hina Javed,20,3.52,ECON MATH
23020212,Usman Qureshi,22,3.7,ECON MATH
23020213,Hassan Bhatti,20,2.33,ECON
23020214,Ali Javed,20,2.8,ECON
23020215,Zainab Chaudhry,22,2.28,ECON MATH
23020216,Fatima Hussain,19,3.17,ECON
23020217,Zainab Chaudhry,18,2.18,ECON MATH
23020218,Zainab Khan,20,3.39,ECON MATH
23020219,Hassan Ahmed,21,3.03,ECON
23020220,Sara Butt,22,2.05,ECON MATH
23020221,Sara Javed,21,3.15,ECON MATH
23020222,Fatima Javed,20,2.39,ECON MATH
23020223,Noor Sheikh,20,2.69,ECON
23020224,Usman Bhatti,22,3.77,ECON MATH
23020225,Ayesha Ahmed,23,3.8,ECON MATH
23020226,Zainab Sheikh,18,2.57,ECON MATH
23020227,Zainab Butt,18,2.62,POL SCI
23020228,Ayesha Ahmed,24,3.3,POL SCI
23020229,Fatima Butt,20,2.02,ECON
23020230,Zainab Khan,23,3.64,ECON
23020231,Noor Javed,18,2.71,ECON MATH
23020232,Ayesha Malik,18,3.44,POL SCI
23020233,Zainab Javed,19,3.4,ECON MATH
23020234,Sara Qureshi,24,2.32,POL SCI
23020235,Zainab Sheikh,23,3.02,ECON
23020236,Noor Chaudhry,19,3.83,ECON MATH
23020237,Fatima Chaudhry,23,3.81,ECON MATH
23020238,Usman Khan,23,3.39,ECON
23020239,Sara Hussain,19,2.5,ECON
23020240,Ahmed Malik,22,3.39,ECON
23020241,Fatima Javed,24,2.92,ECON MATH
23020242,Hassan Javed,21,2.14,ECON
23020243,Ali Javed,19,3.7,POL SCI
23020244,Hina Hussain,19,3.92,ECON MATH
23020245,Ayesha Javed,24,3.79,ECON MATH
23020246,Noor Malik,23,2.68,POL SCI
23020247,Usman Chaudhry,23,2.17,POL SCI
23020248,Hassan Javed,23,3.24,ECON MATH
23020249,Usman Hussain,19,3.52,ECON MATH
23020250,Ayesha Hussain,24,3.54,ECON MATH
23100001,Fatima Ahmed,18,2.55,EE
23100002,Sara Javed,18,2.65,EE
23100003,Fatima Khan,23,3.26,EE
23100004,Sara Qureshi,22,3.55,MATH
23100005,Hassan Butt,21,2.28,CS
23100006,Hina Sheikh,18,3.58,EE
23100007,Fatima Qureshi,21,2.33,CS
23100008,Usman Ahmed,22,2.65,MATH
23100009,Ayesha Bhatti,22,3.33,EE
23100010,Usman Javed,18,3.98,BIO
23100011,Hassan Hussain,19,3.15,BIO
23100012,Ahmed Ahmed,22,3.81,MATH
23100013,Fatima Javed,20,2.82,EE
23100014,Usman Ahmed,19,3.09,EE
23100015,Ahmed Malik,23,2.83,BIO
23100016,Noor Butt,22,3.76,EE
23100017,Ahmed Qureshi,24,2.68,EE
23100018,Fatima Chaudhry,21,3.0,BIO
23100019,Zainab Hussain,18,3.08,BIO
23100020,Hassan Khan,19,3.46,MATH
23100021,Ahmed Butt,24,2.5,BIO
23100022,Zainab Ahmed,20,3.11,CS
23100023,Hina Sheikh,21,2.02,BIO
23100024,Noor Javed,22,2.59,EE
23100025,Noor Qureshi,22,3.91,CS
23100026,Hina Bhatti,19,2.33,BIO
23100027,Sara Khan,20,2.92,EE
23100028,Usman Chaudhry,19,3.47,BIO
23100029,Fatima Ahmed,19,3.01,MATH
23100030,Sara Khan,23,3.34,EE
23100031,Noor Malik,19,2.36,BIO
23100032,Ahmed Chaudhry,22,2.33,EE
23100033,Fatima Ahmed,24,2.95,CS
23100034,Usman Chaudhry,19,2.35,MATH
23100035,Hina Sheikh,20,2.46,BIO
23100036,Hina Sheikh,21,2.31,MATH
23100037,Ali Bhatti,20,2.2,MATH
23100038,Hassan Hussain,19,3.92,BIO
23100039,Fatima Javed,19,3.46,EE
23100040,Hina Javed,19,2.85,MATH
23100041,Usman Sheikh,23,2.78,BIO
23100042,Ahmed Bhatti,23,2.28,BIO
23100043,Ahmed Chaudhry,20,3.72,BIO
23100044,Fatima Butt,21,3.28,CS
23100045,Ahmed Qureshi,18,2.77,CS
23100046,Zainab Hussain,21,2.0,BIO
23100047,Fatima Sheikh,24,2.68,MATH
23100048,Ayesha Chaudhry,22,2.84,EE
23100049,Ayesha Bhatti,24,3.89,CS
23100050,Ahmed Ahmed,23,3.57,CS
23100051,Ayesha Bhatti,23,2.16,EE
23100052,Sara Malik,21,3.87,BIO
23100053,Noor Malik,19,2.99,MATH
23100054,Fatima Sheikh,19,3.83,MATH
23100055,Zainab Hussain,21,2.67,MATH
23100056,Ayesha Javed,20,2.99,EE
23100057,Noor Hussain,18,3.89,EE
23100058,Hassan Sheikh,24,3.77,MATH
23100059,Ali Hussain,22,3.33,MATH
23100060,Hina Chaudhry,24,2.18,CS
23100061,Fatima Chaudhry,24,2.62,BIO
23100062,Ali Butt,20,2.23,MATH
23100063,Usman Malik,24,3.81,EE
23100064,Ayesha Khan,23,3.0,BIO
23100065,Ayesha Sheikh,22,3.74,BIO
23100066,Hassan Qureshi,20,3.84,CS
23100067,Ali Chaudhry,20,3.22,EE
23100068,Ayesha Javed,21,3.5,MATH
23100069,Ahmed Chaudhry,18,2.17,CS
23100070,Fatima Chaudhry,18,2.11,CS
23100071,Ahmed Javed,22,2.49,CS
23100072,Noor Khan,21,2.83,MATH
23100073,Ali Javed,24,2.95,CS
23100074,Zainab Ahmed,19,2.46,EE
23100075,Hassan Butt,19,2.28,BIO
23100076,Hina Malik,24,2.01,BIO
23100077,Zainab Qureshi,21,2.49,EE
23100078,Ahmed Butt,18,3.0,MATH
23100079,Zainab Chaudhry,20,2.68,CS
23100080,Usman Sheikh,22,3.85,EE
23100081,Hassan Ahmed,19,3.97,CS
23100082,Fatima Hussain,21,2.0,EE
23100083,Sara Javed,18,3.62,EE
23100084,Sara Bhatti,23,3.98,MATH
23100085,Hina Chaudhry,20,2.2,CS
23100086,Ali Butt,22,3.26,MATH
23100087,Sara Ahmed,20,2.3,CS
23100088,Sara Khan,21,3.59,CS
23100089,Usman Javed,19,2.7,MATH
23100090,Usman Sheikh,20,2.1,CS
23100091,Ali Qureshi,20,2.65,EE
23100092,Sara Ahmed,18,3.18,EE
23100093,Noor Sheikh,24,2.62,EE
23100094,Usman Javed,24,3.39,CS
23100095,Usman Ahmed,23,2.41,BIO
23100096,Sara Butt,19,2.06,MATH
23100097,Hassan Chaudhry,24,3.62,CS
23100098,Ayesha Butt,20,2.65,BIO
23100099,Sara Qureshi,20,3.93,CS
23100100,Ahmed Ahmed,24,3.9,CS
23100101,Ali Javed,20,3.51,EE
23100102,Sara Hussain,21,2.6,CS
23100103,Hassan Hussain,24,2.73,MATH
23100104,Sara Butt,18,3.86,MATH
23100105,Ayesha Sheikh,24,2.59,MATH
23100106,Zainab Malik,19,2.09,BIO
23100107,Zainab Khan,24,2.7,EE
23100108,Hassan Javed,23,2.11,EE
23100109,Ahmed Bhatti,19,2.74,BIO
23100110,Fatima Khan,21,3.0,MATH
23100111,Hina Butt,18,2.85,BIO
23100112,Hassan Butt,19,3.0,CS
23100113,Noor Butt,23,3.52,MATH
23100114,Fatima Butt,19,3.1,CS
23100115,Hina Hussain,18,3.5,MATH
23100116,Usman Malik,20,2.42,BIO
23100117,Fatima Javed,21,3.96,CS
23100118,Hina Javed,19,3.74,CS
23100119,Usman Sheikh,23,2.75,MATH
23100120,Noor Hussain,24,2.23,EE
23100121,Hassan Chaudhry,20,3.95,BIO
23100122,Fatima Bhatti,19,2.36,EE
23100123,Sara Hussain,20,3.65,BIO
23100124,Hassan Hussain,18,3.46,MATH
23100125,Noor Sheikh,24,3.67,CS
23100126,Ayesha Malik,22,2.47,CS
23100127,Usman Malik,19,2.24,CS
23100128,Ahmed Khan,24,3.15,CS
23100129,Zainab Bhatti,20,2.23,EE
23100130,Usman Ahmed,21,2.46,EE
23100131,Fatima Qureshi,20,3.08,BIO
23100132,Hina Chaudhry,19,3.4,EE
23100133,Hassan Sheikh,23,2.09,BIO
23100134,Ali Ahmed,24,2.63,EE
23100135,Usman Chaudhry,18,3.35,EE
23100136,Noor Hussain,21,2.7,CS
23100137,Ahmed Qureshi,23,3.5,MATH
23100138,Ahmed Javed,19,2.46,MATH
23100139,Sara Javed,19,3.24,EE
23100140,Sara Khan,20,3.92,BIO
23100141,Hina Hussain,18,2.32,EE
23100142,Ali Chaudhry,24,2.89,EE
23100143,Hassan Ahmed,22,3.42,BIO
23100144,Ali Javed,24,3.75,MATH
23100145,Ayesha Malik,20,2.64,CS
23100146,Sara Bhatti,23,3.26,CS
23100147,Hassan Chaudhry,24,3.37,BIO
23100148,Fatima Butt,20,2.37,MATH
23100149,Sara Hussain,21,3.6,MATH
23100150,Noor Ahmed,23,2.64,CS
23100151,Ahmed Qureshi,22,2.24,MATH
23100152,Usman Khan,24,3.13,CS
23100153,Ayesha Khan,24,3.14,EE
23100154,Ali Chaudhry,22,3.82,BIO
23100155,Ayesha Khan,23,3.3,CS
23100156,Usman Javed,21,2.34,EE
23100157,Hassan Qureshi,22,3.67,MATH
23100158,Usman Khan,24,2.9,EE
23100159,Zainab Malik,22,2.21,EE
23100160,Ayesha Ahmed,20,3.28,EE
23100161,Zainab Chaudhry,22,2.64,MATH
23100162,Sara Khan,24,2.95,MATH
23100163,Zainab Chaudhry,20,2.5,EE
23100164,Fatima Ahmed,21,2.66,EE
23100165,Ahmed Malik,22,3.13,MATH
23100166,Zainab Ahmed,21,3.47,CS
23100167,Ahmed Chaudhry,24,2.71,EE
23100168,Noor Bhatti,22,3.16,BIO
23100169,Ayesha Chaudhry,24,2.26,EE
23100170,Zainab Chaudhry,24,3.9,MATH
23100171,Usman Butt,23,3.89,BIO
23100172,Noor Malik,21,3.89,MATH
23100173,Noor Khan,18,2.15,MATH
23100174,Ali Butt,23,2.33,BIO
23100175,Ayesha Sheikh,24,2.76,MATH
23100176,Ahmed Butt,20,2.51,EE
23100177,Fatima Javed,18,3.81,EE
23100178,Sara Javed,24,3.63,EE
23100179,Noor Malik,20,3.6,CS
23100180,Ali Qureshi,23,2.98,MATH
23100181,Fatima Malik,21,2.13,MATH
23100182,Zainab Sheikh,19,2.99,MATH
23100183,Hassan Ahmed,19,2.07,BIO
23100184,Zainab Qureshi,23,3.86,BIO
23100185,Noor Khan,18,2.73,BIO
23100186,Hassan Butt,20,2.6,BIO
23100187,Sara Chaudhry,20,3.9,EE
23100188,Ahmed Khan,21,3.44,BIO
23100189,Hassan Khan,22,3.59,BIO
23100190,Sara Sheikh,20,3.86,EE
23100191,Hassan Malik,20,3.45,MATH
23100192,Ali Malik,22,3.24,BIO
23100193,Zainab Qureshi,23,3.56,MATH
23100194,Sara Qureshi,19,3.41,CS
23100195,Hina Chaudhry,21,3.46,CS
23100196,Usman Bhatti,22,2.75,CS
23100197,Ayesha Butt,20,3.02,CS
23100198,Hassan Ahmed,22,2.45,BIO
23100199,Ayesha Javed,21,2.28,CS
23100200,Ahmed Ahmed,24,3.09,BIO
23100201,Ayesha Bhatti,19,3.35,CS
23100202,Sara Khan,21,2.72,BIO
23100203,Hassan Javed,20,3.73,MATH
23100204,Sara Hussain,24,3.85,CS
23100205,Fatima Hussain,24,3.32,EE
23100206,Zainab Bhatti,23,3.72,MATH
23100207,Fatima Javed,18,3.9,CS
23100208,Ayesha Malik,19,3.3,CS
23100209,Ayesha Hussain,18,3.0,CS
23100210,Fatima Malik,19,2.06,MATH
23100211,Fatima Malik,19,3.49,BIO
23100212,Fatima Javed,24,2.73,CS
23100213,Hassan Malik,21,2.55,BIO
23100214,Zainab Javed,21,3.62,EE
23100215,Ayesha Hussain,19,3.9,BIO
23100216,Zainab Malik,19,2.79,BIO
23100217,Ayesha Bhatti,18,3.52,BIO
23100218,Sara Bhatti,20,2.55,MATH
23100219,Hassan Khan,20,3.59,BIO
23100220,Sara Khan,20,2.73,BIO
23100221,Hassan Sheikh,21,2.54,EE
23100222,Noor Khan,22,3.46,CS
23100223,Noor Sheikh,20,3.15,MATH
23100224,Usman Butt,18,3.96,CS
23100225,Hassan Sheikh,22,3.65,EE
23100226,Hina Hussain,19,3.85,MATH
23100227,Ayesha Khan,21,2.05,EE
23100228,Zainab Bhatti,24,3.42,CS
23100229,Sara Hussain,21,2.67,CS
23100230,Ahmed Hussain,19,2.12,BIO
23100231,Sara Sheikh,23,3.66,BIO
23100232,Ahmed Hussain,21,3.79,MATH
23100233,Hina Hussain,19,3.39,EE
23100234,Zainab Hussain,22,3.23,MATH
23100235,Usman Bhatti,20,3.28,MATH
23100236,Hassan Ahmed,20,2.84,MATH
23100237,Sara Hussain,20,2.42,MATH
23100238,Noor Malik,18,3.5,BIO
23100239,Noor Hussain,20,2.92,EE
23100240,Hina Khan,22,2.99,MATH
23100241,Hassan Chaudhry,21,3.52,BIO
23100242,Zainab Qureshi,20,2.93,EE
23100243,Noor Hussain,22,2.77,BIO
23100244,Ahmed Javed,19,2.27,MATH
23100245,Ahmed Ahmed,19,3.06,MATH
23100246,Zainab Ahmed,18,3.41,BIO
23100247,Noor Butt,19,3.19,CS
23100248,Usman Malik,24,2.35,MATH
23100249,Usman Butt,19,3.92,EE
23100250,Hassan Chaudhry,19,2.94,BIO
23110001,Zainab Khan,22,2.22,ACF
23110002,Fatima Javed,24,2.07,ACF
23110003,Sara Malik,22,3.12,ACF
23110004,Usman Sheikh,19,2.35,ACF
23110005,Hina Qureshi,23,2.32,ACF
23110006,Hina Sheikh,20,2.42,ACF
23110007,Fatima Chaudhry,23,2.79,ACF
23110008,Ayesha Bhatti,22,2.68,ACF
23110009,Fatima Malik,22,2.8,MGS
23110010,Noor Bhatti,22,2.67,ACF
23110011,Fatima Bhatti,19,2.16,MGS
23110012,Fatima Malik,23,2.32,MGS
23110013,Ahmed Hussain,24,3.35,ACF
23110014,Ali Javed,24,2.73,ACF
23110015,Ahmed Sheikh,22,2.31,ACF
23110016,Ayesha Bhatti,18,3.35,MGS
23110017,Sara Malik,19,2.0,MGS
23110018,Ali Javed,18,2.42,ACF
23110019,Sara Sheikh,18,3.86,ACF
23110020,Ahmed Hussain,24,2.32,MGS
23110021,Usman Hussain,19,3.42,ACF
23110022,Ayesha Bhatti,20,3.68,ACF
23110023,Ahmed Qureshi,21,2.47,ACF
23110024,Ahmed Qureshi,20,3.84,MGS
23110025,Hina Khan,18,3.38,MGS
23110026,Usman Chaudhry,19,3.33,MGS
23110027,Ali Malik,23,3.47,MGS
23110028,Hina Javed,20,2.47,ACF
23110029,Usman Chaudhry,21,3.55,ACF
23110030,Fatima Qureshi,21,2.82,MGS
23110031,Sara Butt,21,3.0,MGS
23110032,Zainab Chaudhry,19,3.35,MGS
23110033,Usman Sheikh,22,2.1,ACF
23110034,Ayesha Javed,20,2.84,ACF
23110035,Ayesha Sheikh,20,2.25,MGS
23110036,Hassan Ahmed,22,3.16,ACF
23110037,Hassan Sheikh,18,3.03,MGS
23110038,Noor Khan,20,2.89,MGS
23110039,Hassan Bhatti,23,3.66,ACF
23110040,Fatima Javed,19,2.57,MGS
23110041,Ahmed Sheikh,19,2.15,MGS
23110042,Ayesha Hussain,18,3.33,ACF
23110043,Sara Malik,23,3.1,MGS
23110044,Zainab Chaudhry,21,3.12,MGS
23110045,Hina Ahmed,20,2.34,MGS
23110046,Noor Malik,20,2.67,MGS
23110047,Ayesha Khan,24,3.88,MGS
23110048,Fatima Javed,22,2.54,ACF
23110049,Fatima Malik,18,2.66,MGS
23110050,Fatima Ahmed,20,2.24,MGS
23110051,Zainab Chaudhry,20,2.35,MGS
23110052,Fatima Ahmed,18,3.94,ACF
23110053,Fatima Javed,24,3.26,MGS
23110054,Ahmed Malik,21,2.44,ACF
23110055,Sara Khan,18,2.66,ACF
23110056,Fatima Bhatti,19,2.96,MGS
23110057,Ali Chaudhry,20,3.64,ACF
23110058,Zainab Javed,21,3.54,ACF
23110059,Fatima Hussain,22,2.29,ACF
23110060,Hina Qureshi,22,3.84,ACF
23110061,Fatima Hussain,19,3.65,ACF
23110062,Ayesha Sheikh,24,3.61,ACF
23110063,Ahmed Butt,23,2.38,MGS
23110064,Ahmed Javed,18,3.96,ACF
23110065,Ali Bhatti,19,2.56,ACF
23110066,Sara Hussain,20,2.75,MGS
23110067,Usman Bhatti,23,3.82,ACF
23110068,Ahmed Qureshi,20,2.07,ACF
23110069,Hassan Khan,20,3.34,ACF
23110070,Hassan Hussain,23,2.37,MGS
23110071,Ayesha Javed,24,2.84,MGS
23110072,Sara Hussain,22,2.12,ACF
23110073,Sara Bhatti,19,2.57,MGS
23110074,Hina Khan,24,2.36,ACF
23110075,Hassan Sheikh,24,3.15,MGS
23110076,Ali Malik,23,3.82,MGS
23110077,Hassan Bhatti,21,3.5,MGS
23110078,Zainab Butt,19,3.98,MGS
23110079,Zainab Butt,21,2.6,MGS
23110080,Hassan Khan,23,2.76,ACF
23110081,Hassan Chaudhry,18,2.31,ACF
23110082,Fatima Chaudhry,22,2.78,ACF
23110083,Usman Butt,21,2.5,MGS
23110084,Hina Sheikh,24,2.91,MGS
23110085,Fatima Bhatti,21,2.52,ACF
23110086,Hassan Butt,24,3.23,ACF
23110087,Ayesha Khan,22,3.28,ACF
23110088,Usman Chaudhry,21,3.71,MGS
23110089,Usman Butt,23,2.51,MGS
23110090,Usman Javed,18,3.15,MGS
23110091,Ayesha Hussain,24,3.52,ACF
23110092,Noor Sheikh,22,3.58,ACF
23110093,Usman Khan,21,2.09,ACF
23110094,Sara Qureshi,23,3.68,MGS
23110095,Hassan Butt,19,2.56,ACF
23110096,Zainab Chaudhry,18,3.94,MGS
23110097,Ahmed Qureshi,22,3.69,MGS
23110098,Sara Khan,19,2.87,ACF
23110099,Usman Chaudhry,21,2.38,ACF
23110100,Hassan Malik,22,2.53,MGS
23110101,Noor Hussain,24,3.03,MGS
23110102,Noor Chaudhry,19,3.89,ACF
23110103,Ayesha Butt,21,2.84,MGS
23110104,Noor Ahmed,20,2.5,ACF
23110105,Usman Chaudhry,22,3.43,ACF
23110106,Ahmed Butt,19,3.11,MGS
23110107,Hina Bhatti,18,2.78,ACF
23110108,Ahmed Sheikh,18,3.69,MGS
23110109,Zainab Malik,23,2.52,ACF
23110110,Fatima Malik,21,2.1,MGS
23110111,Zainab Sheikh,21,3.43,ACF
23110112,Hassan Malik,19,3.48,ACF
23110113,Noor Malik,22,2.0,MGS
23110114,Hina Hussain,23,2.82,ACF
23110115,Ali Khan,20,3.24,ACF
23110116,Ahmed Malik,21,3.94,MGS
23110117,Hina Sheikh,21,2.84,MGS
23110118,Ayesha Sheikh,18,3.02,MGS
23110119,Ali Bhatti,22,3.06,MGS
23110120,Hassan Chaudhry,19,2.44,MGS
23110121,Zainab Hussain,22,3.48,ACF
23110122,Sara Hussain,20,2.23,MGS
23110123,Hina Sheikh,20,2.67,MGS
23110124,Sara Bhatti,23,2.02,ACF
23110125,Ali Ahmed,23,2.5,ACF
23110126,Sara Malik,18,3.74,ACF
23110127,Ayesha Hussain,22,3.97,MGS
23110128,Noor Sheikh,24,2.5,ACF
23110129,Hina Chaudhry,22,3.29,MGS
23110130,Fatima Javed,22,3.38,MGS
23110131,Noor Khan,19,2.59,MGS
23110132,Hassan Khan,18,2.08,ACF
23110133,Hassan Hussain,18,3.57,MGS
23110134,Ahmed Butt,21,3.68,ACF
23110135,Fatima Sheikh,23,3.25,MGS
23110136,Ahmed Chaudhry,20,2.37,ACF
23110137,Zainab Qureshi,19,2.61,MGS
23110138,Hina Javed,22,2.72,MGS
23110139,Hassan Chaudhry,19,2.01,ACF
23110140,Zainab Sheikh,24,2.94,MGS
23110141,Zainab Qureshi,18,2.05,MGS
23110142,Noor Bhatti,24,3.07,ACF
23110143,Sara Malik,19,2.05,ACF
23110144,Noor Hussain,23,3.25,ACF
23110145,Zainab Khan,18,2.17,MGS
23110146,Hina Chaudhry,21,3.16,ACF
23110147,Ayesha Bhatti,21,3.42,ACF
23110148,Hina Sheikh,24,2.74,ACF
23110149,Sara Khan,18,3.28,MGS
23110150,Sara Malik,23,2.64,MGS
23110151,Ali Ahmed,22,2.15,MGS
23110152,Ahmed Khan,18,3.19,MGS
23110153,Zainab Malik,19,3.36,MGS
23110154,Sara Chaudhry,19,2.78,ACF
23110155,Fatima Chaudhry,20,2.31,ACF
23110156,Sara Butt,19,2.34,ACF
23110157,Ayesha Hussain,24,3.71,MGS
23110158,Hina Chaudhry,21,2.35,ACF
23110159,Fatima Ahmed,20,2.95,MGS
23110160,Usman Javed,23,3.83,MGS
23110161,Hassan Butt,21,3.02,ACF
23110162,Sara Chaudhry,18,2.02,ACF
23110163,Noor Javed,20,3.69,ACF
23110164,Fatima Ahmed,20,2.36,MGS
23110165,Hassan Sheikh,20,2.33,ACF
23110166,Noor Bhatti,21,3.16,MGS
23110167,Hina Hussain,23,2.9,MGS
23110168,Ayesha Khan,18,2.94,ACF
23110169,Hina Javed,19,2.37,MGS
23110170,Usman Sheikh,22,2.94,MGS
23110171,Ahmed Ahmed,24,3.8,MGS
23110172,Ali Qureshi,18,2.79,MGS
23110173,Zainab Qureshi,20,3.24,MGS
23110174,Ahmed Qureshi,19,2.97,MGS
23110175,Sara Bhatti,19,3.36,MGS
23110176,Ali Qureshi,21,3.06,MGS
23110177,Ali Khan,19,2.83,MGS
23110178,Zainab Javed,19,3.57,ACF
23110179,Sara Hussain,20,3.1,MGS
23110180,Zainab Chaudhry,20,2.76,ACF
23110181,Ali Ahmed,24,2.32,MGS
23110182,Ayesha Khan,19,3.56,MGS
23110183,Sara Bhatti,21,3.53,MGS
23110184,Hassan Qureshi,20,2.09,ACF
23110185,Hassan Ahmed,23,3.0,MGS
23110186,Sara Qureshi,19,2.07,MGS
23110187,Usman Malik,24,3.84,ACF
23110188,Hassan Sheikh,23,3.5,ACF
23110189,Hina Sheikh,21,3.99,ACF
23110190,Zainab Bhatti,24,2.77,ACF
23110191,Ali Javed,20,3.49,MGS
23110192,Usman Sheikh,18,3.45,MGS
23110193,Hassan Sheikh,18,3.56,MGS
23110194,Ahmed Chaudhry,18,3.22,ACF
23110195,Fatima Butt,20,3.14,ACF
23110196,Sara Khan,23,2.92,ACF
23110197,Zainab Butt,23,2.62,MGS
23110198,Sara Sheikh,20,2.28,MGS
23110199,Ayesha Qureshi,22,2.02,ACF
23110200,Ali Khan,18,3.08,ACF
23110201,Hina Ahmed,18,3.46,MGS
23110202,Ali Ahmed,23,3.71,MGS
23110203,Noor Hussain,23,2.16,ACF
23110204,Hassan Malik,24,2.21,ACF
23110205,Zainab Chaudhry,18,2.76,MGS
23110206,Ali Javed,20,2.38,MGS
23110207,Zainab Khan,21,2.9,ACF
23110208,Hassan Ahmed,18,3.53,MGS
23110209,Ayesha Javed,23,3.69,ACF
23110210,Ayesha Bhatti,19,3.25,MGS
23110211,Ahmed Ahmed,19,3.0,MGS
23110212,Fatima Javed,21,2.62,MGS
23110213,Noor Qureshi,22,3.09,ACF
23110214,Hassan Bhatti,24,2.45,ACF
23110215,Ayesha Ahmed,22,3.13,ACF
23110216,Sara Sheikh,23,3.13,MGS
23110217,Sara Bhatti,19,3.56,ACF
23110218,Usman Butt,23,2.62,MGS
23110219,Ayesha Chaudhry,18,2.96,MGS
23110220,Fatima Khan,19,2.71,MGS
23110221,Zainab Sheikh,20,2.78,ACF
23110222,Usman Butt,18,2.4,ACF
23110223,Usman Malik,18,3.55,ACF
23110224,Zainab Hussain,24,2.35,ACF
23110225,Noor Javed,23,3.44,MGS
23110226,Noor Butt,19,2.1,ACF
23110227,Hina Qureshi,23,3.7,MGS
23110228,Hina Sheikh,18,2.78,MGS
23110229,Fatima Qureshi,24,2.79,ACF
23110230,Hassan Chaudhry,23,3.93,MGS
23110231,Fatima Qureshi,22,3.18,MGS
23110232,Sara Khan,22,3.03,ACF
23110233,Noor Chaudhry,23,3.61,ACF
23110234,Hina Javed,22,2.4,MGS
23110235,Ahmed Butt,22,3.13,MGS
23110236,Noor Bhatti,21,3.79,ACF
23110237,Ali Butt,23,2.2,MGS
23110238,Fatima Hussain,18,3.4,ACF
23110239,Ahmed Sheikh,22,2.2,MGS
23110240,Usman Sheikh,20,3.04,ACF
23110241,Hina Butt,20,3.47,ACF
23110242,Ali Sheikh,20,2.67,ACF
23110243,Ali Bhatti,24,2.14,ACF
23110244,Ali Khan,19,2.53,MGS
23110245,Hassan Hussain,21,3.78,MGS
23110246,Zainab Malik,19,3.2,ACF
23110247,Ayesha Khan,20,2.89,MGS
23110248,Ayesha Malik,18,2.06,ACF
23110249,Ahmed Khan,21,3.6,ACF
23110250,Zainab Sheikh,22,2.99,MGS
23090001,Hina Khan,24,2.54,LLB
23090002,Sara Hussain,22,3.41,LLB
23090003,Ali Chaudhry,23,2.54,LLB
23090004,Hina Malik,24,3.98,LLB
23090005,Hassan Javed,19,2.5,LLB
23090006,Ali Sheikh,18,3.11,LLB
23090007,Ahmed Butt,18,3.74,LLB
23090008,Sara Butt,19,2.83,LLB
23090009,Hassan Qureshi,20,2.89,LLB
23090010,Ahmed Bhatti,21,2.69,LLB
23090011,Ahmed Qureshi,21,4.0,LLB
23090012,Sara Bhatti,20,3.11,LLB
23090013,Hina Ahmed,18,3.31,LLB
23090014,Ahmed Bhatti,23,3.6,LLB
23090015,Ali Chaudhry,19,2.53,LLB
23090016,Zainab Qureshi,22,2.44,LLB
23090017,Zainab Chaudhry,22,2.21,LLB
23090018,Hassan Ahmed,24,2.26,LLB
23090019,Ali Butt,23,2.15,LLB
23090020,Ahmed Butt,19,2.48,LLB
23090021,Hassan Qureshi,19,2.73,LLB
23090022,Hassan Qureshi,22,3.76,LLB
23090023,Noor Chaudhry,22,3.85,LLB
23090024,Sara Khan,24,3.05,LLB
23090025,Hassan Bhatti,18,2.59,LLB
23090026,Hina Javed,24,2.77,LLB
23090027,Hina Hussain,20,3.82,LLB
23090028,Fatima Qureshi,23,2.65,LLB
23090029,Sara Qureshi,18,2.79,LLB
23090030,Fatima Bhatti,20,3.82,LLB
23090031,Ahmed Javed,18,3.66,LLB
23090032,Zainab Bhatti,22,3.57,LLB
23090033,Noor Ahmed,21,3.74,LLB
23090034,Zainab Chaudhry,24,2.26,LLB
23090035,Zainab Malik,24,2.36,LLB
23090036,Zainab Ahmed,23,2.57,LLB
23090037,Usman Bhatti,24,2.86,LLB
23090038,Usman Javed,24,3.66,LLB
23090039,Hina Ahmed,22,2.97,LLB
23090040,Noor Ahmed,18,2.8,LLB
23090041,Hina Ahmed,19,2.18,LLB
23090042,Hassan Javed,18,3.66,LLB
23090043,Usman Sheikh,18,3.19,LLB
23090044,Ahmed Chaudhry,19,2.18,LLB
23090045,Ayesha Hussain,20,3.19,LLB
23090046,Fatima Qureshi,18,2.7,LLB
23090047,Hassan Butt,22,2.86,LLB
23090048,Fatima Hussain,18,2.29,LLB
23090049,Ahmed Malik,19,3.73,LLB
23090050,Noor Qureshi,24,2.28,LLB
23090051,Zainab Butt,19,3.34,LLB
23090052,Ali Sheikh,21,3.99,LLB
23090053,Zainab Javed,19,2.76,LLB
23090054,Noor Qureshi,22,3.71,LLB
23090055,Ahmed Khan,18,3.94,LLB
23090056,Noor Butt,22,2.62,LLB
23090057,Ahmed Hussain,18,2.91,LLB
23090058,Zainab Malik,23,3.68,LLB
23090059,Hina Malik,22,3.32,LLB
23090060,Fatima Butt,21,2.53,LLB
23090061,Hassan Chaudhry,23,3.66,LLB
23090062,Hassan Butt,24,3.09,LLB
23090063,Ahmed Malik,22,2.21,LLB
23090064,Ali Khan,23,3.43,LLB
23090065,Ali Qureshi,18,2.64,LLB
23090066,Ayesha Khan,20,3.66,LLB
23090067,Sara Javed,18,3.27,LLB
23090068,Hina Hussain,22,2.72,LLB
23090069,Noor Butt,24,3.65,LLB
23090070,Noor Sheikh,21,3.18,LLB
23090071,Ali Butt,23,3.81,LLB
23090072,Usman Ahmed,18,3.73,LLB
23090073,Hina Bhatti,22,2.97,LLB
23090074,Hina Butt,23,2.99,LLB
23090075,Hina Qureshi,23,4.0,LLB
23090076,Hassan Butt,23,2.07,LLB
23090077,Ahmed Ahmed,22,3.83,LLB
23090078,Usman Butt,24,3.07,LLB
23090079,Hassan Butt,24,3.5,LLB
23090080,Hassan Javed,20,2.33,LLB
23090081,Hina Hussain,19,3.64,LLB
23090082,Sara Bhatti,23,3.46,LLB
23090083,Fatima Chaudhry,23,3.04,LLB
23090084,Ahmed Bhatti,23,2.89,LLB
23090085,Hina Javed,21,3.47,LLB
23090086,Sara Hussain,21,2.5,LLB
23090087,Ali Butt,19,2.1,LLB
23090088,Zainab Javed,20,2.1,LLB
23090089,Noor Hussain,20,3.17,LLB
23090090,Ahmed Bhatti,24,2.07,LLB
23090091,Fatima Bhatti,24,3.98,LLB
23090092,Zainab Hussain,21,3.61,LLB
23090093,Fatima Hussain,18,2.86,LLB
23090094,Zainab Ahmed,20,3.15,LLB
23090095,Hassan Khan,23,2.35,LLB
23090096,Zainab Javed,19,2.78,LLB
23090097,Hina Malik,20,2.89,LLB
23090098,Zainab Butt,19,2.75,LLB
23090099,Usman Javed,23,3.07,LLB
23090100,Usman Qureshi,21,3.26,LLB
23090101,Ahmed Chaudhry,19,2.23,LLB
23090102,Ayesha Hussain,18,3.92,LLB
23090103,Hassan Khan,22,2.81,LLB
23090104,Hina Sheikh,23,2.31,LLB
23090105,Fatima Sheikh,23,2.35,LLB
23090106,Noor Javed,20,3.63,LLB
23090107,Noor Sheikh,21,3.71,LLB
23090108,Sara Ahmed,22,2.25,LLB
23090109,Ayesha Javed,22,3.56,LLB
23090110,Hassan Khan,18,3.87,LLB
23090111,Ahmed Ahmed,23,3.71,LLB
23090112,Noor Hussain,22,2.46,LLB
23090113,Sara Khan,20,2.35,LLB
23090114,Ahmed Chaudhry,22,3.51,LLB
23090115,Sara Javed,23,3.6,LLB
23090116,Ahmed Butt,18,3.7,LLB
23090117,Usman Sheikh,23,2.55,LLB
23090118,Ali Bhatti,22,3.23,LLB
23090119,Hina Bhatti,20,2.13,LLB
23090120,Zainab Malik,24,2.42,LLB
23090121,Fatima Chaudhry,18,2.36,LLB
23090122,Sara Khan,18,2.27,LLB
23090123,Ahmed Qureshi,18,2.76,LLB
23090124,Zainab Bhatti,23,3.35,LLB
23090125,Noor Qureshi,21,2.62,LLB
23090126,Ayesha Javed,20,3.32,LLB
23090127,Hina Ahmed,22,2.82,LLB
23090128,Ali Bhatti,21,3.68,LLB
23090129,Noor Hussain,22,2.2,LLB
23090130,Hassan Butt,23,2.53,LLB
23090131,Ali Sheikh,24,3.02,LLB
23090132,Hassan Chaudhry,18,3.14,LLB
23090133,Hassan Malik,20,2.09,LLB
23090134,Fatima Malik,24,3.8,LLB
23090135,Hina Sheikh,21,3.44,LLB
23090136,Zainab Butt,21,3.47,LLB
23090137,Hassan Khan,18,2.49,LLB
23090138,Ayesha Ahmed,18,2.14,LLB
23090139,Ali Khan,20,3.48,LLB
23090140,Hina Chaudhry,23,3.33,LLB
23090141,Noor Sheikh,21,3.37,LLB
23090142,Ayesha Javed,22,3.87,LLB
23090143,Sara Qureshi,20,2.37,LLB
23090144,Ayesha Hussain,22,2.25,LLB
23090145,Fatima Hussain,23,3.52,LLB
23090146,Ali Bhatti,20,3.44,LLB
23090147,Zainab Qureshi,18,2.42,LLB
23090148,Hina Sheikh,22,3.23,LLB
23090149,Usman Sheikh,21,2.22,LLB
23090150,Hassan Javed,21,2.45,LLB
23090151,Fatima Butt,20,2.47,LLB
23090152,Ayesha Bhatti,18,3.21,LLB
23090153,Sara Malik,24,2.55,LLB
23090154,Fatima Bhatti,23,2.51,LLB
23090155,Sara Ahmed,18,3.75,LLB
23090156,Usman Sheikh,19,3.88,LLB
23090157,Hina Malik,24,3.8,LLB
23090158,Sara Ahmed,23,3.52,LLB
23090159,Usman Malik,22,2.55,LLB
23090160,Hassan Ahmed,22,3.29,LLB
23090161,Fatima Hussain,21,3.35,LLB
23090162,Usman Sheikh,22,2.74,LLB
23090163,Fatima Chaudhry,18,2.05,LLB
23090164,Zainab Hussain,20,2.42,LLB
23090165,Zainab Sheikh,24,2.42,LLB
23090166,Sara Qureshi,20,3.43,LLB
23090167,Ali Javed,23,2.63,LLB
23090168,Hina Javed,21,3.66,LLB
23090169,Sara Khan,24,3.91,LLB
23090170,Sara Bhatti,18,2.2,LLB
23090171,Sara Butt,23,3.5,LLB
23090172,Hassan Chaudhry,18,2.69,LLB
23090173,Ayesha Bhatti,24,2.67,LLB
23090174,Ali Sheikh,22,2.03,LLB
23090175,Ahmed Chaudhry,20,2.44,LLB
23090176,Ali Hussain,18,2.78,LLB
23090177,Ayesha Bhatti,22,2.52,LLB
23090178,Hina Ahmed,23,3.41,LLB
23090179,Zainab Ahmed,18,2.88,LLB
23090180,Ahmed Khan,20,2.05,LLB
23090181,Hina Sheikh,22,3.83,LLB
23090182,Ahmed Qureshi,24,3.06,LLB
23090183,Zainab Ahmed,19,2.15,LLB
23090184,Ayesha Khan,24,3.34,LLB
23090185,Noor Sheikh,23,3.16,LLB
23090186,Ali Ahmed,21,3.03,LLB
23090187,Hina Ahmed,21,3.6,LLB
23090188,Ali Sheikh,22,3.25,LLB
23090189,Usman Hussain,20,2.53,LLB
23090190,Fatima Qureshi,22,3.51,LLB
23090191,Ahmed Sheikh,20,2.82,LLB
23090192,Zainab Malik,23,2.86,LLB
23090193,Hina Ahmed,20,3.52,LLB
23090194,Sara Javed,22,2.63,LLB
23090195,Hina Butt,18,2.42,LLB
23090196,Ayesha Javed,18,3.11,LLB
23090197,Ali Ahmed,19,2.85,LLB
23090198,Hina Sheikh,18,2.75,LLB
23090199,Noor Malik,22,2.87,LLB
23090200,Ayesha Chaudhry,20,3.14,LLB
23090201,Hina Malik,22,3.18,LLB
23090202,Usman Sheikh,23,3.65,LLB
23090203,Noor Bhatti,19,2.22,LLB
23090204,Sara Ahmed,18,3.62,LLB
23090205,Sara Ahmed,20,3.53,LLB
23090206,Hassan Ahmed,18,2.85,LLB
23090207,Ahmed Ahmed,20,3.86,LLB
23090208,Hassan Butt,22,3.39,LLB
23090209,Ali Malik,21,2.62,LLB
23090210,Hina Qureshi,18,3.96,LLB
23090211,Noor Bhatti,20,3.7,LLB
23090212,Fatima Bhatti,22,2.39,LLB
23090213,Hina Ahmed,20,3.74,LLB
23090214,Hassan Chaudhry,22,2.41,LLB
23090215,Sara Javed,23,3.45,LLB
23090216,Noor Qureshi,24,3.23,LLB
23090217,Hina Butt,21,3.44,LLB
23090218,Zainab Malik,21,3.89,LLB
23090219,Noor Bhatti,19,3.87,LLB
23090220,Hassan Malik,21,2.94,LLB
23090221,Hassan Khan,18,3.65,LLB
23090222,Hina Butt,21,2.18,LLB
23090223,Usman Chaudhry,24,2.45,LLB
23090224,Sara Qureshi,23,2.11,LLB
23090225,Sara Bhatti,19,2.66,LLB
23090226,Ahmed Butt,24,2.94,LLB
23090227,Ayesha Qureshi,18,2.94,LLB
23090228,Noor Ahmed,19,2.38,LLB
23090229,Ayesha Bhatti,23,2.37,LLB
23090230,Hina Ahmed,24,2.47,LLB
23090231,Ahmed Qureshi,23,2.86,LLB
23090232,Fatima Qureshi,23,3.14,LLB
23090233,Usman Sheikh,23,2.09,LLB
23090234,Ahmed Malik,24,2.25,LLB
23090235,Fatima Sheikh,20,3.15,LLB
23090236,Hassan Bhatti,23,3.36,LLB
23090237,Fatima Javed,19,2.96,LLB
23090238,Ahmed Hussain,21,2.21,LLB
23090239,Ayesha Bhatti,20,2.35,LLB
23090240,Zainab Hussain,20,3.1,LLB
23090241,Hassan Bhatti,22,2.42,LLB
23090242,Hassan Butt,20,2.88,LLB
23090243,Ali Javed,20,3.62,LLB
23090244,Usman Malik,23,3.65,LLB
23090245,Zainab Khan,18,2.74,LLB
23090246,Noor Qureshi,19,2.29,LLB
23090247,Hina Bhatti,18,3.46,LLB
23090248,Sara Malik,23,2.97,LLB
23090249,Noor Chaudhry,21,3.71,LLB
23090250,Sara Khan,21,2.02,LLB
24020001,Hina Ahmed,22,3.63,ECON
24020002,Zainab Chaudhry,24,2.68,ECON MATH
24020003,Usman Butt,22,3.33,ECON
24020004,Hassan Bhatti,19,2.72,POL SCI
24020005,Fatima Butt,24,3.29,ECON MATH
24020006,Ali Malik,22,3.52,ECON MATH
24020007,Fatima Ahmed,23,4.0,ECON
24020008,Hassan Butt,24,2.2,ECON
24020009,Ahmed Ahmed,21,3.54,POL SCI
24020010,Noor Qureshi,23,2.95,ECON
24020011,Hassan Ahmed,22,2.76,POL SCI
24020012,Sara Chaudhry,20,3.03,ECON
24020013,Hina Chaudhry,21,3.17,ECON MATH
24020014,Hina Sheikh,24,2.35,POL SCI
24020015,Usman Ahmed,18,3.13,POL SCI
24020016,Noor Malik,20,2.12,ECON
24020017,Noor Hussain,22,2.13,ECON MATH
24020018,Zainab Ahmed,22,2.62,ECON MATH
24020019,Zainab Hussain,22,3.96,POL SCI
24020020,Ali Butt,20,3.67,ECON MATH
24020021,Ahmed Bhatti,23,3.33,ECON
24020022,Usman Ahmed,22,2.81,ECON MATH
24020023,Zainab Bhatti,24,3.19,POL SCI
24020024,Sara Malik,19,2.82,ECON
24020025,Noor Qureshi,21,3.49,ECON MATH
24020026,Ahmed Chaudhry,18,3.34,ECON MATH
24020027,Fatima Qureshi,24,2.64,ECON
24020028,Zainab Malik,24,3.49,ECON
24020029,Sara Chaudhry,24,2.86,POL SCI
24020030,Noor Javed,20,3.05,ECON MATH
24020031,Zainab Bhatti,23,2.44,ECON
24020032,Noor Javed,24,2.9,ECON MATH
24020033,Fatima Hussain,24,3.07,ECON
24020034,Ali Chaudhry,23,3.18,ECON MATH
24020035,Sara Qureshi,23,3.58,ECON MATH
24020036,Ali Malik,19,2.66,ECON MATH
24020037,Hina Qureshi,19,2.51,ECON
24020038,Zainab Qureshi,22,2.38,ECON MATH
24020039,Fatima Bhatti,21,2.96,POL SCI
24020040,Ali Hussain,21,2.1,ECON
24020041,Hassan Sheikh,23,3.86,ECON MATH
24020042,Hina Hussain,18,3.28,ECON
24020043,Noor Qureshi,20,2.52,POL SCI
24020044,Hassan Malik,22,3.07,ECON
24020045,Ali Malik,19,3.09,ECON
24020046,Noor Bhatti,23,2.96,ECON
24020047,Noor Butt,21,3.57,POL SCI
24020048,Fatima Sheikh,21,2.9,POL SCI
24020049,Ayesha Sheikh,18,3.81,POL SCI
24020050,Noor Qureshi,23,3.79,POL SCI
24020051,Ali Khan,23,3.71,POL SCI
24020052,Ahmed Qureshi,21,3.87,ECON MATH
24020053,Hina Hussain,18,3.92,POL SCI
24020054,Hina Hussain,19,4.0,ECON
24020055,Usman Butt,20,3.78,ECON
24020056,Noor Hussain,24,3.59,ECON
24020057,Zainab Butt,22,2.29,ECON MATH
24020058,Ali Sheikh,20,3.99,ECON MATH
24020059,Ayesha Sheikh,21,3.16,ECON
24020060,Sara Javed,20,3.17,ECON MATH
24020061,Noor Qureshi,20,3.69,ECON
24020062,Hina Malik,20,3.05,ECON MATH
24020063,Ali Khan,22,3.37,ECON
24020064,Ahmed Javed,19,3.61,ECON MATH
24020065,Ayesha Hussain,20,2.29,ECON
24020066,Ahmed Qureshi,20,3.07,POL SCI
24020067,Fatima Javed,21,3.39,ECON
24020068,Zainab Ahmed,23,2.72,ECON
24020069,Sara Bhatti,24,3.82,ECON
24020070,Fatima Ahmed,20,2.52,ECON MATH
24020071,Sara Bhatti,23,3.72,ECON MATH
24020072,Sara Butt,20,2.87,ECON MATH
24020073,Ahmed Bhatti,22,2.46,ECON MATH
24020074,Hina Hussain,18,3.7,POL SCI
24020075,Ahmed Javed,18,2.73,POL SCI
24020076,Zainab Ahmed,23,3.47,POL SCI
24020077,Noor Butt,23,3.91,ECON MATH
24020078,Zainab Javed,18,2.54,ECON MATH
24020079,Hassan Qureshi,24,3.99,POL SCI
24020080,Sara Javed,22,3.69,POL SCI
24020081,Usman Sheikh,18,2.96,POL SCI
24020082,Hassan Bhatti,20,3.83,ECON MATH
24020083,Zainab Ahmed,22,2.96,ECON MATH
24020084,Noor Qureshi,21,3.09,ECON MATH
24020085,Usman Butt,24,3.38,POL SCI
24020086,Hina Sheikh,21,3.94,ECON MATH
24020087,Sara Butt,21,3.53,ECON
24020088,Sara Butt,21,2.79,POL SCI
24020089,Noor Sheikh,18,2.46,ECON
24020090,Ayesha Javed,23,2.86,ECON MATH
24020091,Ayesha Bhatti,19,3.69,POL SCI
24020092,Usman Hussain,23,2.54,ECON MATH
24020093,Fatima Qureshi,24,2.03,ECON MATH
24020094,Ali Khan,20,3.36,ECON MATH
24020095,Hassan Bhatti,22,2.75,ECON
24020096,Noor Malik,23,3.54,ECON MATH
24020097,Ayesha Qureshi,21,3.96,ECON
24020098,Ali Sheikh,24,3.37,ECON MATH
24020099,Ali Khan,18,3.17,ECON MATH
24020100,Hina Qureshi,18,3.14,POL SCI
24020101,Sara Chaudhry,19,2.5,ECON MATH
24020102,Zainab Hussain,18,2.46,ECON MATH
24020103,Ayesha Chaudhry,23,2.67,ECON MATH
24020104,Ahmed Malik,23,3.15,ECON MATH
24020105,Hassan Chaudhry,20,2.59,ECON MATH
24020106,Hassan Chaudhry,23,3.3,ECON MATH
24020107,Ayesha Javed,23,2.75,POL SCI
24020108,Sara Chaudhry,22,2.22,POL SCI
24020109,Hina Javed,24,2.24,ECON
24020110,Fatima Ahmed,21,2.5,POL SCI
24020111,Ayesha Hussain,23,3.74,ECON
24020112,Noor Ahmed,18,2.29,ECON
24020113,Zainab Hussain,24,3.1,POL SCI
24020114,Zainab Qureshi,23,2.5,ECON
24020115,Hina Khan,23,3.26,POL SCI
24020116,Ayesha Chaudhry,22,3.03,ECON MATH
24020117,Zainab Bhatti,19,3.8,ECON MATH
24020118,Sara Qureshi,22,3.11,ECON MATH
24020119,Fatima Qureshi,23,2.51,ECON
24020120,Usman Hussain,18,2.87,ECON MATH
24020121,Sara Bhatti,21,2.46,POL SCI
24020122,Ahmed Sheikh,21,3.76,ECON
24020123,Hassan Qureshi,21,2.11,ECON MATH
24020124,Sara Malik,22,3.76,ECON MATH
24020125,Sara Butt,21,2.3,ECON MATH
24020126,Usman Sheikh,18,3.35,ECON MATH
24020127,Noor Butt,23,3.87,ECON MATH
24020128,Ali Sheikh,24,3.14,ECON MATH
24020129,Ahmed Sheikh,21,2.24,ECON
24020130,Hina Chaudhry,24,2.78,POL SCI
24020131,Fatima Malik,23,3.49,ECON
24020132,Noor Hussain,24,2.46,POL SCI
24020133,Fatima Javed,19,2.57,POL SCI
24020134,Noor Sheikh,21,2.61,ECON
24020135,Ayesha Chaudhry,23,3.09,ECON MATH
24020136,Ayesha Butt,24,2.62,ECON
24020137,Usman Bhatti,20,3.91,ECON MATH
24020138,Zainab Qureshi,23,3.87,ECON
24020139,Ahmed Malik,21,3.95,POL SCI
24020140,Ali Sheikh,18,3.99,ECON MATH
24020141,Zainab Khan,18,3.46,POL SCI
24020142,Hassan Javed,23,3.43,ECON
24020143,Usman Hussain,22,3.76,POL SCI
24020144,Ahmed Sheikh,23,3.13,ECON
24020145,Ahmed Ahmed,20,3.39,ECON
24020146,Sara Sheikh,21,2.31,ECON MATH
24020147,Noor Khan,20,2.04,ECON
24020148,Ayesha Butt,19,2.58,ECON MATH
24020149,Hina Khan,18,2.12,ECON
24020150,Hina Ahmed,24,2.09,ECON
24020151,Hina Hussain,19,2.64,ECON MATH
24020152,Hassan Khan,22,3.57,POL SCI
24020153,Noor Malik,22,2.99,ECON MATH
24020154,Usman Ahmed,18,3.1,POL SCI
24020155,Zainab Bhatti,22,3.78,ECON MATH
24020156,Hassan Butt,21,3.73,POL SCI
24020157,Sara Javed,18,2.32,ECON
24020158,Zainab Qureshi,20,2.66,POL SCI
24020159,Fatima Chaudhry,22,3.49,ECON MATH
24020160,Hina Javed,22,3.43,ECON
24020161,Sara Chaudhry,24,2.8,POL SCI
24020162,Sara Malik,21,3.66,ECON MATH
24020163,Ayesha Hussain,22,3.11,ECON MATH
24020164,Ahmed Khan,19,3.53,ECON
24020165,Zainab Javed,23,3.17,ECON MATH
24020166,Usman Hussain,24,3.49,POL SCI
24020167,Usman Ahmed,19,2.39,POL SCI
24020168,Ali Hussain,23,3.59,ECON
24020169,Fatima Chaudhry,22,2.94,POL SCI
24020170,Zainab Chaudhry,19,3.8,ECON
24020171,Fatima Chaudhry,22,3.41,ECON MATH
24020172,Hina Hussain,20,2.06,POL SCI
24020173,Sara Chaudhry,23,3.26,ECON
24020174,Ahmed Chaudhry,22,2.17,POL SCI
24020175,Hassan Butt,23,3.87,POL SCI
24020176,Ahmed Khan,22,3.09,POL SCI
24020177,Ahmed Javed,23,3.99,ECON
24020178,Sara Ahmed,23,2.58,ECON
24020179,Hassan Ahmed,20,2.47,POL SCI
24020180,Usman Ahmed,20,3.07,ECON MATH
24020181,Ayesha Malik,20,3.69,ECON
24020182,Ali Chaudhry,18,2.96,ECON MATH
24020183,Noor Malik,22,3.71,ECON MATH
24020184,Zainab Hussain,24,2.67,ECON
24020185,Ali Malik,23,2.99,POL SCI
24020186,Hassan Khan,21,2.57,POL SCI
24020187,Ali Bhatti,18,3.31,ECON MATH
24020188,Sara Bhatti,19,2.22,POL SCI
24020189,Usman Butt,21,3.74,POL SCI
24020190,Zainab Javed,21,3.29,ECON
24020191,Fatima Javed,22,3.55,POL SCI
24020192,Hassan Hussain,19,3.86,ECON
24020193,Hassan Butt,18,2.22,POL SCI
24020194,Noor Javed,20,2.17,POL SCI
24020195,Ahmed Sheikh,19,3.56,ECON MATH
24020196,Noor Bhatti,18,3.0,ECON MATH
24020197,Ayesha Malik,20,2.01,ECON MATH
24020198,Ayesha Malik,21,2.12,ECON MATH
24020199,Sara Butt,22,2.16,POL SCI
24020200,Sara Butt,18,3.24,ECON MATH
24020201,Ahmed Hussain,24,2.46,POL SCI
24020202,Zainab Ahmed,21,3.48,ECON
24020203,Hassan Khan,21,3.81,ECON
24020204,Hina Sheikh,20,3.09,POL SCI
24020205,Sara Qureshi,22,3.25,ECON MATH
24020206,Sara Bhatti,21,3.52,ECON MATH
24020207,Hassan Butt,22,2.76,ECON MATH
24020208,Ayesha Javed,18,3.5,ECON MATH
24020209,Sara Khan,18,2.19,ECON
24020210,Hina Qureshi,20,2.53,ECON MATH
24020211,Noor Butt,22,3.45,ECON
24020212,Ali Khan,20,2.78,POL SCI
24020213,Ahmed Hussain,20,2.77,POL SCI
24020214,Usman Malik,24,3.04,ECON
24020215,Hassan Hussain,19,3.89,ECON
24020216,Noor Sheikh,21,3.72,ECON
24020217,Fatima Khan,23,2.96,ECON MATH
24020218,Noor Javed,22,2.89,ECON MATH
24020219,Ayesha Ahmed,23,3.21,POL SCI
24020220,Zainab Chaudhry,21,3.12,ECON MATH
24020221,Zainab Bhatti,20,3.65,ECON
24020222,Ahmed Butt,18,2.92,ECON MATH
24020223,Sara Javed,21,3.22,POL SCI
24020224,Ahmed Khan,21,3.06,ECON
24020225,Hina Sheikh,20,3.89,ECON
24020226,Ahmed Khan,22,2.47,POL SCI
24020227,Noor Hussain,21,3.75,POL SCI
24020228,Hassan Malik,18,3.22,ECON MATH
24020229,Noor Khan,20,2.64,POL SCI
24020230,Usman Khan,19,2.7,ECON MATH
24020231,Noor Butt,21,2.03,ECON MATH
24020232,Hina Sheikh,20,2.71,ECON
24020233,Ali Bhatti,18,3.24,ECON
24020234,Hina Malik,21,3.74,ECON MATH
24020235,Zainab Chaudhry,21,2.48,ECON MATH
24020236,Fatima Sheikh,21,2.97,ECON MATH
24020237,Noor Javed,23,4.0,POL SCI
24020238,Ali Butt,18,2.7,POL SCI
24020239,Usman Ahmed,19,3.77,ECON
24020240,Hina Ahmed,22,3.34,ECON
24020241,Ayesha Chaudhry,24,2.83,ECON
24020242,Zainab Bhatti,18,3.72,ECON MATH
24020243,Ali Malik,24,2.89,POL SCI
24020244,Sara Hussain,21,2.45,POL SCI
24020245,Sara Sheikh,23,3.63,ECON
24020246,Fatima Qureshi,22,2.2,ECON
24020247,Fatima Javed,20,2.1,POL SCI
24020248,Ahmed Javed,22,3.12,ECON
24020249,Ayesha Ahmed,22,3.14,ECON
24020250,Zainab Javed,21,2.78,POL SCI
24100001,Noor Malik,23,3.4,BIO
24100002,Ayesha Chaudhry,20,3.57,BIO
24100003,Sara Ahmed,23,3.36,MATH
24100004,Hassan Malik,20,2.61,EE
24100005,Noor Chaudhry,22,3.33,BIO
24100006,Sara Qureshi,22,3.78,MATH
24100007,Ayesha Bhatti,24,2.74,MATH
24100008,Fatima Butt,24,3.66,BIO
24100009,Ali Qureshi,24,3.66,CS
24100010,Hassan Javed,24,2.63,MATH
24100011,Ayesha Chaudhry,22,2.16,BIO
24100012,Usman Sheikh,22,2.39,BIO
24100013,Sara Ahmed,22,2.48,EE
24100014,Hina Butt,21,3.23,BIO
24100015,Hassan Chaudhry,22,3.14,MATH
24100016,Sara Ahmed,18,3.34,BIO
24100017,Fatima Khan,21,3.17,EE
24100018,Ahmed Sheikh,20,3.12,BIO
24100019,Sara Hussain,23,3.41,CS
24100020,Noor Sheikh,19,3.13,BIO
24100021,Usman Hussain,24,2.38,BIO
24100022,Ayesha Hussain,24,3.43,BIO
24100023,Hina Khan,19,3.72,EE
24100024,Usman Javed,23,2.92,MATH
24100025,Ali Butt,22,2.75,EE
24100026,Sara Sheikh,21,3.17,BIO
24100027,Ahmed Qureshi,19,3.62,CS
24100028,Ayesha Butt,24,2.76,BIO
24100029,Noor Bhatti,19,2.35,BIO
24100030,Hina Khan,21,2.13,EE
24100031,Sara Hussain,18,3.32,MATH
24100032,Hassan Bhatti,21,2.98,CS
24100033,Noor Bhatti,24,2.11,BIO
24100034,Sara Butt,19,2.5,MATH
24100035,Fatima Sheikh,23,2.74,EE
24100036,Ayesha Ahmed,23,3.3,CS
24100037,Usman Bhatti,23,3.84,EE
24100038,Usman Bhatti,19,3.26,CS
24100039,Hina Bhatti,21,2.75,EE
24100040,Sara Sheikh,18,2.37,EE
24100041,Ali Sheikh,23,2.84,BIO
24100042,Fatima Khan,18,2.65,EE
24100043,Zainab Bhatti,21,2.79,EE
24100044,Sara Ahmed,23,2.08,BIO
24100045,Ali Khan,19,2.3,CS
24100046,Ahmed Chaudhry,19,3.07,BIO
24100047,Sara Malik,22,2.37,BIO
24100048,Noor Sheikh,18,3.06,CS
24100049,Hina Butt,24,3.16,MATH
24100050,Usman Chaudhry,21,3.95,BIO
24100051,Hina Ahmed,22,2.13,MATH
24100052,Usman Butt,21,2.86,CS
24100053,Hassan Ahmed,23,2.91,MATH
24100054,Ayesha Bhatti,20,2.6,BIO
24100055,Ayesha Malik,20,3.65,EE
24100056,Hina Qureshi,21,3.8,BIO
24100057,Usman Sheikh,23,3.2,EE
24100058,Hina Ahmed,23,3.18,BIO
24100059,Fatima Khan,20,2.83,BIO
24100060,Usman Butt,24,2.71,CS
24100061,Noor Butt,18,2.36,EE
24100062,Fatima Ahmed,22,3.54,BIO
24100063,Ali Ahmed,22,2.02,EE
24100064,Sara Javed,23,3.02,EE
24100065,Ali Khan,20,3.7,MATH
24100066,Fatima Javed,22,2.95,BIO
24100067,Hina Chaudhry,21,2.02,BIO
24100068,Hassan Chaudhry,24,2.36,EE
24100069,Fatima Javed,18,2.54,EE
24100070,Ayesha Hussain,24,3.64,BIO
24100071,Usman Chaudhry,23,2.04,BIO
24100072,Ahmed Butt,22,2.83,MATH
24100073,Noor Khan,23,2.65,CS
24100074,Zainab Ahmed,21,2.97,EE
24100075,Noor Ahmed,23,2.08,BIO
24100076,Hina Butt,24,2.35,EE
24100077,Usman Hussain,21,3.94,BIO
24100078,Ayesha Bhatti,23,3.29,CS
24100079,Zainab Qureshi,23,2.32,BIO
24100080,Hina Qureshi,22,2.25,BIO
24100081,Hassan Bhatti,22,2.22,CS
24100082,Ali Malik,21,2.16,EE
24100083,Noor Bhatti,22,2.07,EE
24100084,Fatima Javed,24,3.3,CS
24100085,Ayesha Sheikh,24,2.47,CS
24100086,Hassan Bhatti,21,2.14,MATH
24100087,Ayesha Butt,24,3.04,MATH
24100088,Zainab Khan,23,3.03,CS
24100089,Noor Sheikh,22,3.27,CS
24100090,Noor Javed,21,2.16,BIO
24100091,Fatima Sheikh,19,3.07,CS
24100092,Hina Malik,21,2.9,BIO
24100093,Ali Hussain,21,2.01,EE
24100094,Zainab Khan,19,2.78,EE
24100095,Zainab Sheikh,20,2.36,CS
24100096,Usman Hussain,24,3.42,BIO
24100097,Ayesha Ahmed,23,2.95,BIO
24100098,Ayesha Bhatti,21,2.81,MATH
24100099,Ahmed Bhatti,24,3.43,CS
24100100,Fatima Sheikh,24,2.47,EE
24100101,Usman Khan,20,3.55,CS
24100102,Ali Khan,24,3.82,BIO
24100103,Ayesha Ahmed,19,3.28,CS
24100104,Noor Khan,22,2.71,EE
24100105,Hina Chaudhry,22,3.46,MATH
24100106,Ahmed Sheikh,24,2.82,EE
24100107,Sara Sheikh,20,3.87,MATH
24100108,Ayesha Chaudhry,21,2.84,BIO
24100109,Zainab Qureshi,18,2.67,MATH
24100110,Noor Khan,20,2.72,CS
24100111,Zainab Hussain,23,3.12,EE
24100112,Zainab Qureshi,18,3.26,CS
24100113,Noor Qureshi,22,3.58,BIO
24100114,Ayesha Qureshi,18,2.31,MATH
24100115,Sara Ahmed,18,3.24,CS
24100116,Fatima Javed,22,2.79,BIO
24100117,Noor Chaudhry,23,3.55,EE
24100118,Zainab Chaudhry,19,3.42,BIO
24100119,Zainab Chaudhry,23,2.38,CS
24100120,Ali Butt,18,3.47,MATH
24100121,Hassan Sheikh,24,3.59,EE
24100122,Zainab Malik,22,3.9,CS
24100123,Hassan Khan,23,3.84,BIO
24100124,Hina Hussain,21,3.2,BIO
24100125,Fatima Qureshi,23,2.56,BIO
24100126,Zainab Hussain,21,3.56,BIO
24100127,Hassan Hussain,23,3.86,CS
24100128,Ali Ahmed,23,2.53,MATH
24100129,Hina Chaudhry,23,2.45,MATH
24100130,Ali Hussain,20,2.8,BIO
24100131,Noor Butt,19,2.66,EE
24100132,Hassan Chaudhry,24,2.57,EE
24100133,Hina Bhatti,21,3.8,EE
24100134,Noor Javed,22,3.26,EE
24100135,Fatima Javed,19,3.89,BIO
24100136,Zainab Khan,21,3.57,CS
24100137,Ahmed Sheikh,24,3.5,BIO
24100138,Zainab Ahmed,23,3.07,BIO
24100139,Ahmed Chaudhry,23,3.67,CS
24100140,Hassan Ahmed,19,3.21,EE
24100141,Noor Butt,20,2.73,MATH
24100142,Ahmed Khan,22,3.57,MATH
24100143,Ayesha Bhatti,23,3.91,BIO
24100144,Fatima Sheikh,23,3.45,EE
24100145,Zainab Butt,19,2.72,MATH
24100146,Ali Chaudhry,21,3.18,MATH
24100147,Ali Bhatti,20,2.89,CS
24100148,Noor Hussain,18,3.7,CS
24100149,Ayesha Qureshi,20,2.52,EE
24100150,Sara Sheikh,24,3.88,MATH
24100151,Ahmed Hussain,21,3.31,MATH
24100152,Sara Chaudhry,19,2.6,CS
24100153,Hassan Javed,21,2.35,BIO
24100154,Ayesha Malik,23,2.04,BIO
24100155,Ali Qureshi,18,3.62,CS
24100156,Ahmed Sheikh,22,3.91,EE
24100157,Usman Ahmed,18,3.73,EE
24100158,Usman Ahmed,22,2.65,MATH
24100159,Hassan Butt,24,3.25,CS
24100160,Ayesha Ahmed,23,2.66,MATH
24100161,Ali Khan,23,2.53,MATH
24100162,Fatima Bhatti,22,3.23,MATH
24100163,Hassan Chaudhry,24,2.57,EE
24100164,Hassan Chaudhry,20,3.6,EE
24100165,Usman Butt,20,3.42,CS
24100166,Usman Sheikh,21,3.49,MATH
24100167,Sara Ahmed,20,3.81,MATH
24100168,Sara Sheikh,19,2.3,BIO
24100169,Zainab Malik,23,3.15,CS
24100170,Sara Khan,22,2.56,MATH
24100171,Ali Qureshi,19,2.05,EE
24100172,Hassan Ahmed,23,2.59,MATH
24100173,Zainab Sheikh,24,2.04,BIO
24100174,Fatima Butt,19,2.29,BIO
24100175,Ali Javed,22,2.71,EE
24100176,Usman Chaudhry,20,2.41,EE
24100177,Zainab Javed,23,3.73,MATH
24100178,Ayesha Chaudhry,20,3.41,CS
24100179,Noor Javed,18,2.41,MATH
24100180,Usman Khan,20,3.53,BIO
24100181,Ayesha Ahmed,24,3.53,BIO
24100182,Zainab Sheikh,19,2.55,MATH
24100183,Zainab Qureshi,23,2.15,CS
24100184,Usman Khan,18,2.09,MATH
24100185,Ahmed Ahmed,24,3.31,BIO
24100186,Fatima Butt,24,2.46,MATH
24100187,Ali Chaudhry,21,2.7,MATH
24100188,Fatima Butt,22,3.72,CS
24100189,Ayesha Qureshi,23,3.76,BIO
24100190,Ayesha Javed,19,2.71,BIO
24100191,Zainab Khan,20,3.73,EE
24100192,Ahmed Hussain,19,2.54,EE
24100193,Hassan Qureshi,24,3.38,BIO
24100194,Ali Sheikh,23,2.98,CS
24100195,Hina Javed,24,3.43,MATH
24100196,Usman Khan,19,2.49,MATH
24100197,Usman Khan,18,2.68,EE
24100198,Hassan Hussain,20,2.01,BIO
24100199,Usman Malik,22,3.67,BIO
24100200,Hassan Khan,19,2.27,EE
24100201,Hassan Malik,19,2.98,CS
24100202,Noor Sheikh,21,2.39,CS
24100203,Zainab Bhatti,20,2.51,MATH
24100204,Usman Javed,23,3.34,EE
24100205,Ayesha Javed,24,3.49,BIO
24100206,Ahmed Hussain,21,3.3,BIO
24100207,Ahmed Bhatti,23,2.74,EE
24100208,Sara Khan,24,2.96,EE
24100209,Ali Hussain,22,3.31,EE
24100210,Ayesha Malik,20,3.19,CS
24100211,Usman Chaudhry,23,2.4,BIO
24100212,Noor Bhatti,19,2.15,MATH
24100213,Ali Qureshi,20,3.8,CS
24100214,Zainab Ahmed,19,2.77,MATH
24100215,Fatima Hussain,21,3.57,MATH
24100216,Hina Khan,23,2.99,EE
24100217,Hassan Chaudhry,21,2.4,MATH
24100218,Hina Chaudhry,20,2.19,BIO
24100219,Usman Sheikh,21,2.31,BIO
24100220,Ahmed Butt,18,2.47,EE
24100221,Ayesha Hussain,18,3.22,CS
24100222,Sara Sheikh,24,3.54,CS
24100223,Fatima Qureshi,20,3.13,MATH
24100224,Ahmed Bhatti,20,3.57,CS
24100225,Noor Qureshi,18,3.81,MATH
24100226,Ahmed Malik,18,2.71,EE
24100227,Sara Hussain,23,2.81,CS
24100228,Ali Qureshi,20,3.04,BIO
24100229,Hassan Bhatti,21,2.62,CS
24100230,Sara Butt,22,3.54,CS
24100231,Usman Javed,24,2.02,MATH
24100232,Ali Bhatti,23,2.93,EE
24100233,Hassan Sheikh,23,2.1,MATH
24100234,Ayesha Qureshi,23,2.64,CS
24100235,Noor Javed,19,3.22,BIO
24100236,Hassan Ahmed,18,3.9,BIO
24100237,Zainab Qureshi,19,2.32,BIO
24100238,Ali Butt,23,3.77,EE
24100239,Zainab Sheikh,18,3.01,BIO
24100240,Zainab Bhatti,21,3.43,EE
24100241,Ali Khan,24,3.02,BIO
24100242,Ali Butt,24,3.08,BIO
24100243,Sara Sheikh,22,2.38,BIO
24100244,Sara Hussain,23,2.28,EE
24100245,Usman Bhatti,18,3.35,CS
24100246,Hina Bhatti,18,2.83,CS
24100247,Noor Malik,18,2.03,MATH
24100248,Fatima Chaudhry,23,2.06,CS
24100249,Zainab Ahmed,20,3.29,MATH
24100250,Usman Malik,22,2.39,EE
24110001,Usman Qureshi,20,3.34,MGS
24110002,Zainab Javed,22,3.4,ACF
24110003,Fatima Qureshi,23,2.97,MGS
24110004,Usman Hussain,19,3.79,MGS
24110005,Usman Qureshi,20,2.74,ACF
24110006,Ahmed Javed,18,3.2,ACF
24110007,Sara Malik,23,3.95,ACF
24110008,Ali Javed,18,3.47,MGS
24110009,Hina Khan,19,2.77,MGS
24110010,Sara Butt,20,2.55,MGS
24110011,Ahmed Malik,24,2.68,MGS
24110012,Sara Bhatti,18,2.9,ACF
24110013,Fatima Malik,18,2.75,ACF
24110014,Ali Hussain,23,3.82,MGS
24110015,Hassan Hussain,19,2.46,MGS
24110016,Sara Sheikh,23,3.69,MGS
24110017,Usman Hussain,23,3.77,MGS
24110018,Hina Ahmed,19,3.12,ACF
24110019,Noor Ahmed,20,3.98,ACF
24110020,Noor Hussain,21,2.35,ACF
24110021,Ayesha Javed,18,2.14,ACF
24110022,Fatima Qureshi,21,2.55,MGS
24110023,Hassan Javed,23,2.65,MGS
24110024,Ali Butt,20,2.28,MGS
24110025,Usman Hussain,23,2.03,MGS
24110026,Hassan Hussain,23,2.1,MGS
24110027,Ahmed Sheikh,19,3.09,ACF
24110028,Hina Hussain,23,2.44,ACF
24110029,Hassan Sheikh,24,3.14,ACF
24110030,Ali Khan,19,2.93,ACF
24110031,Sara Bhatti,23,2.93,ACF
24110032,Hassan Khan,24,3.54,ACF
24110033,Sara Qureshi,23,2.79,MGS
24110034,Usman Qureshi,22,2.92,ACF
24110035,Ayesha Ahmed,19,2.89,ACF
24110036,Zainab Malik,23,3.51,MGS
24110037,Ali Bhatti,20,2.13,MGS
24110038,Ayesha Khan,20,2.11,ACF
24110039,Usman Ahmed,20,3.05,ACF
24110040,Ali Bhatti,21,3.73,MGS
24110041,Sara Sheikh,18,2.49,ACF
24110042,Ahmed Butt,24,3.69,MGS
24110043,Zainab Javed,20,2.43,MGS
24110044,Fatima Qureshi,23,2.08,ACF
24110045,Ahmed Sheikh,19,3.4,ACF
24110046,Sara Hussain,22,2.52,ACF
24110047,Usman Malik,18,3.86,MGS
24110048,Ali Javed,21,3.16,ACF
24110049,Usman Bhatti,21,3.76,ACF
24110050,Sara Ahmed,19,3.72,ACF
24110051,Hassan Butt,20,2.68,MGS
24110052,Usman Sheikh,20,2.98,ACF
24110053,Ali Sheikh,18,3.73,ACF
24110054,Zainab Malik,23,2.71,ACF
24110055,Ahmed Hussain,20,3.38,ACF
24110056,Noor Hussain,20,2.86,ACF
24110057,Hassan Ahmed,22,3.45,ACF
24110058,Hina Chaudhry,20,3.98,MGS
24110059,Hina Khan,24,3.41,ACF
24110060,Noor Hussain,24,2.05,ACF
24110061,Zainab Sheikh,22,2.68,MGS
24110062,Sara Javed,18,3.15,ACF
24110063,Sara Bhatti,23,3.18,ACF
24110064,Ali Chaudhry,20,3.88,ACF
24110065,Fatima Bhatti,24,3.5,MGS
24110066,Sara Javed,22,3.22,ACF
24110067,Hassan Qureshi,19,3.95,ACF
24110068,Noor Hussain,21,2.01,ACF
24110069,Hina Butt,24,3.6,ACF
24110070,Zainab Hussain,22,3.24,ACF
24110071,Ayesha Javed,23,3.77,ACF
24110072,Noor Bhatti,21,3.38,MGS
24110073,Sara Malik,21,3.69,ACF
24110074,Usman Hussain,24,3.44,MGS
24110075,Fatima Javed,22,2.84,ACF
24110076,Ali Javed,21,2.49,MGS
24110077,Usman Bhatti,22,2.6,ACF
24110078,Zainab Qureshi,18,3.17,ACF
24110079,Zainab Sheikh,23,3.6,ACF
24110080,Usman Malik,20,3.02,ACF
24110081,Ahmed Hussain,18,2.25,MGS
24110082,Zainab Bhatti,18,2.64,MGS
24110083,Noor Malik,18,3.85,MGS
24110084,Ayesha Qureshi,23,3.21,ACF
24110085,Ali Butt,20,3.66,ACF
24110086,Hina Malik,24,3.28,ACF
24110087,Fatima Sheikh,20,3.46,MGS
24110088,Fatima Javed,18,3.18,ACF
24110089,Hina Chaudhry,20,2.22,ACF
24110090,Zainab Sheikh,18,3.86,MGS
24110091,Hassan Malik,21,3.72,ACF
24110092,Ahmed Qureshi,23,3.49,MGS
24110093,Ayesha Chaudhry,19,3.68,MGS
24110094,Fatima Malik,24,3.84,ACF
24110095,Noor Chaudhry,22,2.45,MGS
24110096,Hina Javed,22,2.36,ACF
24110097,Ahmed Ahmed,20,2.05,MGS
24110098,Hina Chaudhry,18,3.54,ACF
24110099,Zainab Ahmed,18,3.84,MGS
24110100,Zainab Sheikh,21,2.26,ACF
24110101,Usman Butt,20,2.9,MGS
24110102,Sara Bhatti,24,2.16,MGS
24110103,Usman Qureshi,20,3.65,ACF
24110104,Ahmed Javed,21,3.13,ACF
24110105,Ahmed Hussain,23,2.72,ACF
24110106,Noor Butt,24,3.82,MGS
24110107,Ahmed Hussain,20,3.2,ACF
24110108,Ahmed Qureshi,21,3.75,ACF
24110109,Noor Javed,24,3.79,MGS
24110110,Hassan Javed,19,3.89,ACF
24110111,Noor Sheikh,21,2.17,ACF
24110112,Hassan Sheikh,18,3.45,MGS
24110113,Hina Chaudhry,21,3.39,ACF
24110114,Fatima Ahmed,19,3.59,ACF
24110115,Usman Javed,20,3.58,MGS
24110116,Hina Bhatti,22,3.54,MGS
24110117,Ayesha Malik,23,3.34,MGS
24110118,Noor Javed,20,2.53,ACF
24110119,Zainab Malik,19,3.76,ACF
24110120,Zainab Sheikh,23,3.01,MGS
24110121,Hina Malik,20,2.48,ACF
24110122,Noor Hussain,24,2.73,ACF
24110123,Zainab Javed,21,3.14,ACF
24110124,Noor Malik,23,2.87,ACF
24110125,Sara Bhatti,20,3.34,ACF
24110126,Fatima Ahmed,20,2.18,MGS
24110127,Zainab Sheikh,19,3.48,ACF
24110128,Hassan Malik,19,2.13,ACF
24110129,Zainab Malik,18,3.93,ACF
24110130,Ayesha Sheikh,22,2.63,ACF
24110131,Noor Butt,20,3.1,ACF
24110132,Ali Sheikh,19,3.8,MGS
24110133,Usman Ahmed,24,2.3,ACF
24110134,Usman Javed,23,3.39,ACF
24110135,Ahmed Javed,24,2.83,ACF
24110136,Noor Malik,20,2.28,MGS
24110137,Ayesha Ahmed,24,2.91,MGS
24110138,Fatima Hussain,20,2.57,ACF
24110139,Ayesha Sheikh,24,3.31,ACF
24110140,Ahmed Qureshi,20,3.45,MGS
24110141,Zainab Qureshi,23,2.1,MGS
24110142,Noor Bhatti,19,2.17,ACF
24110143,Hina Butt,24,3.72,ACF
24110144,Noor Qureshi,20,2.91,MGS
24110145,Fatima Chaudhry,20,2.46,MGS
24110146,Ahmed Qureshi,19,2.85,ACF
24110147,Usman Malik,18,3.5,MGS
24110148,Noor Butt,22,3.4,MGS
24110149,Noor Hussain,20,2.59,ACF
24110150,Hina Javed,21,3.26,ACF
24110151,Ali Javed,18,3.6,MGS
24110152,Ali Qureshi,18,3.63,MGS
24110153,Fatima Bhatti,22,2.35,ACF
24110154,Zainab Malik,20,2.39,ACF
24110155,Hina Malik,22,2.53,MGS
24110156,Ali Qureshi,19,2.43,MGS
24110157,Ali Sheikh,24,3.0,ACF
24110158,Hina Khan,22,3.62,ACF
24110159,Ayesha Butt,23,2.71,ACF
24110160,Usman Qureshi,24,3.54,MGS
24110161,Ahmed Hussain,23,3.43,MGS
24110162,Usman Butt,23,3.06,ACF
24110163,Zainab Khan,22,3.62,ACF
24110164,Ayesha Qureshi,24,2.53,ACF
24110165,Ahmed Ahmed,19,3.0,MGS
24110166,Hassan Bhatti,23,3.14,ACF
24110167,Fatima Chaudhry,18,2.12,ACF
24110168,Hassan Khan,24,3.65,ACF
24110169,Usman Chaudhry,19,2.08,ACF
24110170,Usman Butt,24,2.2,MGS
24110171,Ayesha Qureshi,24,3.74,MGS
24110172,Ahmed Bhatti,21,2.78,ACF
24110173,Hassan Khan,24,3.81,MGS
24110174,Zainab Hussain,24,3.33,MGS
24110175,Ayesha Bhatti,19,3.19,ACF
24110176,Zainab Khan,20,3.54,ACF
24110177,Ayesha Javed,23,2.51,ACF
24110178,Ayesha Ahmed,23,2.27,ACF
24110179,Hassan Hussain,24,2.74,ACF
24110180,Hina Malik,23,3.71,ACF
24110181,Noor Sheikh,22,3.58,MGS
24110182,Hassan Malik,21,3.74,ACF
24110183,Fatima Butt,20,3.73,ACF
24110184,Ahmed Javed,24,2.82,ACF
24110185,Ahmed Javed,23,2.26,ACF
24110186,Noor Hussain,20,3.48,MGS
24110187,Noor Javed,21,2.58,MGS
24110188,Noor Hussain,18,2.18,ACF
24110189,Ali Qureshi,24,3.45,ACF
24110190,Usman Bhatti,21,3.09,MGS
24110191,Hassan Qureshi,23,3.62,MGS
24110192,Hina Butt,24,3.99,ACF
24110193,Hassan Hussain,21,2.25,MGS
24110194,Usman Butt,18,2.45,ACF
24110195,Fatima Javed,18,2.77,MGS
24110196,Ahmed Chaudhry,23,2.98,MGS
24110197,Ayesha Malik,24,2.25,ACF
24110198,Hassan Butt,24,3.17,ACF
24110199,Sara Bhatti,22,3.4,MGS
24110200,Ahmed Butt,20,2.57,MGS
24110201,Usman Bhatti,19,2.19,MGS
24110202,Fatima Sheikh,24,2.04,ACF
24110203,Fatima Ahmed,18,3.87,ACF
24110204,Usman Ahmed,23,2.61,ACF
24110205,Zainab Butt,24,3.67,MGS
24110206,Ayesha Ahmed,19,3.22,MGS
24110207,Noor Qureshi,24,3.43,MGS
24110208,Ali Khan,24,3.68,MGS
24110209,Zainab Khan,24,3.55,MGS
24110210,Usman Khan,18,3.32,MGS
24110211,Noor Butt,22,2.39,MGS
24110212,Ayesha Hussain,18,3.35,ACF
24110213,Sara Chaudhry,20,3.7,ACF
24110214,Ayesha Javed,19,3.19,ACF
24110215,Ahmed Sheikh,20,3.45,ACF
24110216,Ali Ahmed,23,3.55,ACF
24110217,Noor Sheikh,22,2.33,ACF
24110218,Fatima Khan,23,3.85,MGS
24110219,Sara Butt,20,3.74,MGS
24110220,Ali Bhatti,24,2.24,ACF
24110221,Fatima Malik,22,2.2,MGS
24110222,Fatima Sheikh,18,2.79,ACF
24110223,Fatima Butt,23,3.62,ACF
24110224,Ayesha Ahmed,21,3.78,MGS
24110225,Sara Chaudhry,19,2.22,MGS
24110226,Fatima Sheikh,24,2.09,MGS
24110227,Noor Hussain,19,2.27,ACF
24110228,Noor Sheikh,22,3.78,ACF
24110229,Ahmed Ahmed,18,2.03,MGS
24110230,Zainab Khan,23,3.9,ACF
24110231,Ayesha Bhatti,20,2.67,MGS
24110232,Zainab Bhatti,22,2.86,MGS
24110233,Sara Ahmed,24,2.75,MGS
24110234,Ahmed Bhatti,24,2.14,MGS
24110235,Zainab Butt,20,3.66,ACF
24110236,Noor Hussain,18,2.72,ACF
24110237,Ayesha Butt,18,2.58,ACF
24110238,Usman Javed,19,3.0,ACF
24110239,Ayesha Hussain,24,3.58,ACF
24110240,Hina Khan,19,2.7,ACF
24110241,Zainab Sheikh,23,2.09,MGS
24110242,Ahmed Hussain,20,3.33,MGS
24110243,Usman Qureshi,24,3.32,ACF
24110244,Ahmed Javed,18,2.48,MGS
24110245,Noor Hussain,24,3.22,ACF
24110246,Ayesha Malik,23,2.28,ACF
24110247,Ali Butt,19,2.97,ACF
24110248,Fatima Chaudhry,19,2.78,MGS
24110249,Usman Sheikh,18,2.23,ACF
24110250,Sara Khan,18,3.24,ACF
24090001,Noor Sheikh,18,3.39,LLB
24090002,Zainab Sheikh,24,2.72,LLB
24090003,Ahmed Javed,20,3.99,LLB
24090004,Sara Malik,23,2.56,LLB
24090005,Sara Qureshi,22,3.35,LLB
24090006,Noor Khan,23,2.06,LLB
24090007,Ahmed Hussain,23,2.85,LLB
24090008,Ahmed Bhatti,22,2.1,LLB
24090009,Ayesha Butt,19,3.0,LLB
24090010,Ayesha Bhatti,24,2.23,LLB
24090011,Usman Javed,23,2.23,LLB
24090012,Ahmed Sheikh,21,2.51,LLB
24090013,Ali Khan,24,3.95,LLB
24090014,Zainab Sheikh,20,3.02,LLB
24090015,Fatima Sheikh,20,2.26,LLB
24090016,Sara Malik,20,2.11,LLB
24090017,Usman Chaudhry,24,3.72,LLB
24090018,Sara Butt,23,3.33,LLB
24090019,Ali Malik,19,3.75,LLB
24090020,Fatima Javed,19,3.9,LLB
24090021,Sara Sheikh,24,3.44,LLB
24090022,Ali Chaudhry,18,2.37,LLB
24090023,Sara Hussain,19,2.19,LLB
24090024,Fatima Khan,22,2.13,LLB
24090025,Hassan Ahmed,18,3.17,LLB
24090026,Ahmed Bhatti,22,3.0,LLB
24090027,Zainab Hussain,22,2.28,LLB
24090028,Hassan Ahmed,24,2.62,LLB
24090029,Zainab Bhatti,19,3.24,LLB
24090030,Ahmed Javed,20,3.17,LLB
24090031,Ali Bhatti,23,3.25,LLB
24090032,Noor Ahmed,20,3.8,LLB
24090033,Noor Qureshi,23,2.48,LLB
24090034,Ahmed Sheikh,22,3.5,LLB
24090035,Zainab Qureshi,21,3.19,LLB
24090036,Fatima Malik,18,2.2,LLB
24090037,Fatima Qureshi,20,3.51,LLB
24090038,Hina Bhatti,21,2.05,LLB
24090039,Hassan Khan,22,3.67,LLB
24090040,Fatima Hussain,18,2.36,LLB
24090041,Ali Ahmed,24,3.85,LLB
24090042,Ahmed Chaudhry,23,3.15,LLB
24090043,Hassan Bhatti,22,3.94,LLB
24090044,Hassan Butt,24,3.66,LLB
24090045,Zainab Chaudhry,23,2.38,LLB
24090046,Ali Hussain,23,3.28,LLB
24090047,Zainab Malik,18,3.53,LLB
24090048,Ahmed Qureshi,22,2.48,LLB
24090049,Ali Ahmed,21,2.79,LLB
24090050,Zainab Chaudhry,23,2.66,LLB
24090051,Fatima Khan,24,3.41,LLB
24090052,Hina Javed,23,2.56,LLB
24090053,Ali Butt,20,3.97,LLB
24090054,Hassan Hussain,21,3.2,LLB
24090055,Ahmed Butt,22,2.7,LLB
24090056,Noor Sheikh,20,2.32,LLB
24090057,Fatima Butt,19,3.6,LLB
24090058,Hina Khan,18,3.99,LLB
24090059,Usman Malik,19,3.2,LLB
24090060,Fatima Javed,20,2.37,LLB
24090061,Ali Qureshi,24,3.05,LLB
24090062,Ahmed Hussain,21,3.63,LLB
24090063,Hassan Sheikh,24,2.9,LLB
24090064,Hina Malik,22,3.06,LLB
24090065,Ali Bhatti,22,2.39,LLB
24090066,Sara Malik,19,3.27,LLB
24090067,Fatima Butt,19,2.55,LLB
24090068,Zainab Javed,18,3.18,LLB
24090069,Hassan Chaudhry,22,3.81,LLB
24090070,Zainab Ahmed,24,3.75,LLB
24090071,Ali Butt,22,2.8,LLB
24090072,Fatima Chaudhry,21,2.08,LLB
24090073,Hassan Hussain,20,2.98,LLB
24090074,Sara Malik,18,3.46,LLB
24090075,Ahmed Butt,23,3.3,LLB
24090076,Ayesha Javed,23,2.45,LLB
24090077,Zainab Bhatti,21,3.56,LLB
24090078,Hina Bhatti,19,2.32,LLB
24090079,Zainab Bhatti,19,3.41,LLB
24090080,Ali Khan,20,2.92,LLB
24090081,Ayesha Khan,23,2.34,LLB
24090082,Noor Bhatti,21,3.49,LLB
24090083,Ayesha Ahmed,18,3.75,LLB
24090084,Zainab Ahmed,21,2.76,LLB
24090085,Noor Ahmed,18,3.12,LLB
24090086,Ali Javed,24,3.54,LLB
24090087,Hina Ahmed,20,3.74,LLB
24090088,Ahmed Hussain,20,3.61,LLB
24090089,Sara Chaudhry,18,3.48,LLB
24090090,Zainab Chaudhry,21,3.5,LLB
24090091,Zainab Bhatti,18,3.61,LLB
24090092,Fatima Javed,19,3.29,LLB
24090093,Noor Butt,21,3.76,LLB
24090094,Noor Chaudhry,22,2.35,LLB
24090095,Ahmed Butt,22,2.28,LLB
24090096,Ayesha Javed,18,2.95,LLB
24090097,Fatima Bhatti,23,2.7,LLB
24090098,Fatima Malik,18,3.26,LLB
24090099,Fatima Butt,23,3.81,LLB
24090100,Ahmed Butt,18,3.58,LLB
24090101,Fatima Sheikh,22,2.81,LLB
24090102,Usman Hussain,21,2.49,LLB
24090103,Zainab Bhatti,18,3.07,LLB
24090104,Sara Malik,22,2.88,LLB
24090105,Ahmed Sheikh,24,3.32,LLB
24090106,Ayesha Chaudhry,18,3.74,LLB
24090107,Hina Malik,19,3.61,LLB
24090108,Ahmed Qureshi,22,2.73,LLB
24090109,Noor Malik,20,2.98,LLB
24090110,Hassan Qureshi,21,2.67,LLB
24090111,Hina Malik,19,3.79,LLB
24090112,Ali Malik,21,2.91,LLB
24090113,Ayesha Sheikh,24,3.11,LLB
24090114,Hina Malik,24,3.32,LLB
24090115,Fatima Hussain,21,3.07,LLB
24090116,Fatima Malik,23,3.34,LLB
24090117,Ayesha Javed,21,3.63,LLB
24090118,Ayesha Butt,21,2.8,LLB
24090119,Zainab Butt,21,3.06,LLB
24090120,Noor Khan,18,2.02,LLB
24090121,Hina Bhatti,23,2.17,LLB
24090122,Usman Ahmed,24,2.93,LLB
24090123,Hina Sheikh,18,3.2,LLB
24090124,Ayesha Butt,20,2.73,LLB
24090125,Noor Ahmed,24,2.06,LLB
24090126,Hassan Chaudhry,22,2.56,LLB
24090127,Hassan Qureshi,22,2.69,LLB
24090128,Hina Malik,20,3.9,LLB
24090129,Ahmed Javed,19,3.82,LLB
24090130,Ahmed Sheikh,20,3.7,LLB
24090131,Fatima Sheikh,19,2.78,LLB
24090132,Sara Sheikh,23,3.97,LLB
24090133,Sara Hussain,23,2.8,LLB
24090134,Sara Khan,19,3.81,LLB
24090135,Ali Hussain,23,2.66,LLB
24090136,Ahmed Malik,22,2.95,LLB
24090137,Ali Butt,24,3.82,LLB
24090138,Sara Ahmed,21,3.18,LLB
24090139,Sara Chaudhry,23,3.92,LLB
24090140,Fatima Javed,20,2.22,LLB
24090141,Fatima Khan,24,3.22,LLB
24090142,Hina Bhatti,18,3.57,LLB
24090143,Ayesha Hussain,20,2.7,LLB
24090144,Usman Qureshi,22,4.0,LLB
24090145,Noor Bhatti,23,3.13,LLB
24090146,Ayesha Butt,23,3.11,LLB
24090147,Hassan Butt,23,2.49,LLB
24090148,Hina Sheikh,22,3.38,LLB
24090149,Ayesha Qureshi,20,2.45,LLB
24090150,Ahmed Chaudhry,20,3.48,LLB
24090151,Hina Chaudhry,22,3.75,LLB
24090152,Ayesha Javed,19,2.5,LLB
24090153,Ahmed Bhatti,20,2.41,LLB
24090154,Noor Bhatti,18,3.17,LLB
24090155,Sara Bhatti,18,2.12,LLB
24090156,Sara Khan,23,3.61,LLB
24090157,Usman Chaudhry,22,2.07,LLB
24090158,Ahmed Hussain,19,2.29,LLB
24090159,Zainab Butt,21,2.7,LLB
24090160,Fatima Malik,18,2.61,LLB
24090161,Ali Javed,20,3.86,LLB
24090162,Fatima Butt,19,2.7,LLB
24090163,Fatima Butt,20,2.82,LLB
24090164,Ahmed Khan,19,3.09,LLB
24090165,Fatima Bhatti,20,2.41,LLB
24090166,Ali Sheikh,23,3.9,LLB
24090167,Ayesha Malik,23,3.86,LLB
24090168,Ali Sheikh,24,3.76,LLB
24090169,Hassan Sheikh,19,3.76,LLB
24090170,Ahmed Bhatti,23,2.35,LLB
24090171,Ali Sheikh,23,3.62,LLB
24090172,Hina Hussain,19,3.24,LLB
24090173,Ali Malik,24,3.23,LLB
24090174,Ali Chaudhry,22,3.22,LLB
24090175,Ahmed Bhatti,24,3.43,LLB
24090176,Ahmed Javed,21,2.89,LLB
24090177,Zainab Khan,23,3.7,LLB
24090178,Ahmed Bhatti,23,3.45,LLB
24090179,Usman Javed,22,3.54,LLB
24090180,Hassan Chaudhry,24,3.3,LLB
24090181,Ali Javed,19,3.73,LLB
24090182,Hina Butt,19,2.12,LLB
24090183,Ayesha Khan,22,2.2,LLB
24090184,Ali Javed,19,2.62,LLB
24090185,Ahmed Chaudhry,18,3.45,LLB
24090186,Ahmed Malik,20,3.46,LLB
24090187,Ahmed Hussain,22,3.57,LLB
24090188,Zainab Bhatti,21,2.19,LLB
24090189,Hassan Butt,23,2.55,LLB
24090190,Noor Butt,23,3.53,LLB
24090191,Fatima Khan,21,3.36,LLB
24090192,Ali Khan,20,2.66,LLB
24090193,Zainab Chaudhry,18,3.17,LLB
24090194,Usman Butt,18,3.79,LLB
24090195,Fatima Khan,19,3.68,LLB
24090196,Hassan Butt,21,3.68,LLB
24090197,Hassan Javed,19,2.96,LLB
24090198,Ali Khan,23,3.99,LLB
24090199,Zainab Qureshi,18,3.86,LLB
24090200,Usman Khan,23,3.27,LLB
24090201,Ali Malik,21,2.76,LLB
24090202,Fatima Sheikh,21,2.54,LLB
24090203,Zainab Bhatti,18,2.56,LLB
24090204,Usman Chaudhry,18,2.6,LLB
24090205,Usman Chaudhry,20,2.96,LLB
24090206,Ahmed Hussain,20,2.53,LLB
24090207,Sara Hussain,22,3.29,LLB
24090208,Ayesha Hussain,21,3.11,LLB
24090209,Ali Qureshi,19,2.01,LLB
24090210,Sara Sheikh,19,2.02,LLB
24090211,Zainab Qureshi,20,3.0,LLB
24090212,Hassan Malik,19,3.65,LLB
24090213,Ayesha Bhatti,23,3.6,LLB
24090214,Fatima Sheikh,24,3.07,LLB
24090215,Zainab Javed,18,3.51,LLB
24090216,Ahmed Sheikh,22,2.38,LLB
24090217,Ayesha Hussain,24,2.89,LLB
24090218,Fatima Javed,22,3.47,LLB
24090219,Ali Butt,20,3.68,LLB
24090220,Fatima Ahmed,21,2.95,LLB
24090221,Fatima Butt,21,3.46,LLB
24090222,Hassan Hussain,18,2.54,LLB
24090223,Fatima Sheikh,23,2.16,LLB
24090224,Sara Javed,20,3.39,LLB
24090225,Fatima Hussain,20,2.41,LLB
24090226,Usman Ahmed,20,3.02,LLB
24090227,Zainab Malik,23,2.35,LLB
24090228,Zainab Bhatti,23,2.17,LLB
24090229,Zainab Chaudhry,20,2.98,LLB
24090230,Zainab Malik,24,3.45,LLB
24090231,Zainab Hussain,23,2.89,LLB
24090232,Noor Sheikh,20,2.17,LLB
24090233,Sara Bhatti,19,2.09,LLB
24090234,Hina Khan,18,2.62,LLB
24090235,Hassan Sheikh,18,3.91,LLB
24090236,Hina Ahmed,19,2.06,LLB
24090237,Ahmed Malik,21,3.05,LLB
24090238,Ahmed Javed,22,2.01,LLB
24090239,Sara Malik,20,3.99,LLB
24090240,Ayesha Javed,18,2.43,LLB
24090241,Ahmed Khan,24,2.38,LLB
24090242,Ayesha Malik,23,3.72,LLB
24090243,Ahmed Sheikh,22,2.12,LLB
24090244,Hassan Bhatti,23,3.57,LLB
24090245,Hassan Bhatti,23,2.25,LLB
24090246,Hassan Javed,24,2.43,LLB
24090247,Noor Malik,22,2.47,LLB
24090248,Ali Sheikh,23,3.32,LLB
24090249,Noor Ahmed,19,2.8,LLB
24090250,Sara Hussain,19,2.85,LLB
